observed_margin,error,control,pi,item_id,task,step,feedback_mode,feedback_value,eval_margin,eval_p_target
0.090422,0.109578,-0.043831,0.956169,memotrap_0,memotrap,1,oracle_margin,0.09042182919800684,0.111672,0.555836
0.111672,0.088328,-0.029852,0.926317,memotrap_0,memotrap,2,oracle_margin,0.1116721808369876,0.115343,0.557671
0.115343,0.084657,-0.034925,0.891391,memotrap_0,memotrap,3,oracle_margin,0.11534264549648149,0.127901,0.563951
0.127901,0.072099,-0.034502,0.856889,memotrap_0,memotrap,4,oracle_margin,0.12790122172755142,0.127433,0.563716
0.892793,0.0,-0.0,1.0,memotrap_1,memotrap,1,oracle_margin,0.8927928156469092,0.892793,0.946396
0.892793,0.0,-0.0,1.0,memotrap_1,memotrap,2,oracle_margin,0.8927928156469092,0.892793,0.946396
0.892793,0.0,-0.0,1.0,memotrap_1,memotrap,3,oracle_margin,0.8927928156469092,0.892793,0.946396
0.892793,0.0,-0.0,1.0,memotrap_1,memotrap,4,oracle_margin,0.8927928156469092,0.892793,0.946396
0.996385,0.0,-0.0,1.0,memotrap_2,memotrap,1,oracle_margin,0.9963853722582368,0.996385,0.998193
0.996385,0.0,-0.0,1.0,memotrap_2,memotrap,2,oracle_margin,0.9963853722582368,0.996385,0.998193
0.996385,0.0,-0.0,1.0,memotrap_2,memotrap,3,oracle_margin,0.9963853722582368,0.996385,0.998193
0.996385,0.0,-0.0,1.0,memotrap_2,memotrap,4,oracle_margin,0.9963853722582368,0.996385,0.998193
0.985515,0.0,-0.0,1.0,memotrap_3,memotrap,1,oracle_margin,0.9855146550081938,0.985515,0.992757
0.985515,0.0,-0.0,1.0,memotrap_3,memotrap,2,oracle_margin,0.9855146550081938,0.985515,0.992757
0.985515,0.0,-0.0,1.0,memotrap_3,memotrap,3,oracle_margin,0.9855146550081938,0.985515,0.992757
0.985515,0.0,-0.0,1.0,memotrap_3,memotrap,4,oracle_margin,0.9855146550081938,0.985515,0.992757
0.690997,0.0,-0.0,1.0,memotrap_4,memotrap,1,oracle_margin,0.6909974512994774,0.690997,0.845499
0.690997,0.0,-0.0,1.0,memotrap_4,memotrap,2,oracle_margin,0.6909974512994774,0.690997,0.845499
0.690997,0.0,-0.0,1.0,memotrap_4,memotrap,3,oracle_margin,0.6909974512994774,0.690997,0.845499
0.690997,0.0,-0.0,1.0,memotrap_4,memotrap,4,oracle_margin,0.6909974512994774,0.690997,0.845499
0.232382,0.0,-0.0,1.0,memotrap_5,memotrap,1,oracle_margin,0.2323816264870348,0.232382,0.616191
0.232382,0.0,-0.0,1.0,memotrap_5,memotrap,2,oracle_margin,0.2323816264870348,0.232382,0.616191
0.232382,0.0,-0.0,1.0,memotrap_5,memotrap,3,oracle_margin,0.2323816264870348,0.232382,0.616191
0.232382,0.0,-0.0,1.0,memotrap_5,memotrap,4,oracle_margin,0.2323816264870348,0.232382,0.616191
0.244925,0.0,-0.0,1.0,memotrap_6,memotrap,1,oracle_margin,0.2449251702667974,0.244925,0.622463
0.244925,0.0,-0.0,1.0,memotrap_6,memotrap,2,oracle_margin,0.2449251702667974,0.244925,0.622463
0.244925,0.0,-0.0,1.0,memotrap_6,memotrap,3,oracle_margin,0.2449251702667974,0.244925,0.622463
0.244925,0.0,-0.0,1.0,memotrap_6,memotrap,4,oracle_margin,0.2449251702667974,0.244925,0.622463
0.940441,0.0,-0.0,1.0,memotrap_7,memotrap,1,oracle_margin,0.9404407074408799,0.940441,0.97022
0.940441,0.0,-0.0,1.0,memotrap_7,memotrap,2,oracle_margin,0.9404407074408799,0.940441,0.97022
0.940441,0.0,-0.0,1.0,memotrap_7,memotrap,3,oracle_margin,0.9404407074408799,0.940441,0.97022
0.940441,0.0,-0.0,1.0,memotrap_7,memotrap,4,oracle_margin,0.9404407074408799,0.940441,0.97022
0.331378,0.0,-0.0,1.0,memotrap_8,memotrap,1,oracle_margin,0.3313779318191206,0.331378,0.665689
0.331378,0.0,-0.0,1.0,memotrap_8,memotrap,2,oracle_margin,0.3313779318191206,0.331378,0.665689
0.331378,0.0,-0.0,1.0,memotrap_8,memotrap,3,oracle_margin,0.3313779318191206,0.331378,0.665689
0.331378,0.0,-0.0,1.0,memotrap_8,memotrap,4,oracle_margin,0.3313779318191206,0.331378,0.665689
-0.892809,1.092809,-0.437124,0.562876,memotrap_9,memotrap,1,oracle_margin,-0.8928087958421137,-0.840935,0.079532
-0.840935,1.040935,-0.361734,0.4,memotrap_9,memotrap,2,oracle_margin,-0.840935170910909,-0.956178,0.021911
-0.956178,1.156178,-0.465065,0.4,memotrap_9,memotrap,3,oracle_margin,-0.9561780002243784,-0.956178,0.021911
-0.956178,1.156178,-0.511349,0.4,memotrap_9,memotrap,4,oracle_margin,-0.9561780002243784,-0.956178,0.021911
0.999088,0.0,-0.0,1.0,memotrap_10,memotrap,1,oracle_margin,0.9990878713431706,0.999088,0.999544
0.999088,0.0,-0.0,1.0,memotrap_10,memotrap,2,oracle_margin,0.9990878713431706,0.999088,0.999544
0.999088,0.0,-0.0,1.0,memotrap_10,memotrap,3,oracle_margin,0.9990878713431706,0.999088,0.999544
0.999088,0.0,-0.0,1.0,memotrap_10,memotrap,4,oracle_margin,0.9990878713431706,0.999088,0.999544
0.983189,0.0,-0.0,1.0,memotrap_11,memotrap,1,oracle_margin,0.9831887357492739,0.983189,0.991594
0.983189,0.0,-0.0,1.0,memotrap_11,memotrap,2,oracle_margin,0.9831887357492739,0.983189,0.991594
0.983189,0.0,-0.0,1.0,memotrap_11,memotrap,3,oracle_margin,0.9831887357492739,0.983189,0.991594
0.983189,0.0,-0.0,1.0,memotrap_11,memotrap,4,oracle_margin,0.9831887357492739,0.983189,0.991594
-0.774178,0.974178,-0.389671,0.610329,memotrap_12,memotrap,1,oracle_margin,-0.7741782160830434,-0.082233,0.458883
-0.082233,0.282233,-0.064184,0.546144,memotrap_12,memotrap,2,oracle_margin,-0.08223344570568714,0.320945,0.660472
0.320945,0.0,-0.034597,0.511547,memotrap_12,memotrap,3,oracle_margin,0.32094458794547415,0.553816,0.776908
0.553816,0.0,-0.062821,0.448726,memotrap_12,memotrap,4,oracle_margin,0.5538157076905587,0.826259,0.91313
0.995047,0.0,-0.0,1.0,memotrap_13,memotrap,1,oracle_margin,0.9950465378399564,0.995047,0.997523
0.995047,0.0,-0.0,1.0,memotrap_13,memotrap,2,oracle_margin,0.9950465378399564,0.995047,0.997523
0.995047,0.0,-0.0,1.0,memotrap_13,memotrap,3,oracle_margin,0.9950465378399564,0.995047,0.997523
0.995047,0.0,-0.0,1.0,memotrap_13,memotrap,4,oracle_margin,0.9950465378399564,0.995047,0.997523
0.976606,0.0,-0.0,1.0,memotrap_14,memotrap,1,oracle_margin,0.976605888975538,0.976606,0.988303
0.976606,0.0,-0.0,1.0,memotrap_14,memotrap,2,oracle_margin,0.976605888975538,0.976606,0.988303
0.976606,0.0,-0.0,1.0,memotrap_14,memotrap,3,oracle_margin,0.976605888975538,0.976606,0.988303
0.976606,0.0,-0.0,1.0,memotrap_14,memotrap,4,oracle_margin,0.976605888975538,0.976606,0.988303
0.998535,0.0,-0.0,1.0,memotrap_15,memotrap,1,oracle_margin,0.9985351720514474,0.998535,0.999268
0.998535,0.0,-0.0,1.0,memotrap_15,memotrap,2,oracle_margin,0.9985351720514474,0.998535,0.999268
0.998535,0.0,-0.0,1.0,memotrap_15,memotrap,3,oracle_margin,0.9985351720514474,0.998535,0.999268
0.998535,0.0,-0.0,1.0,memotrap_15,memotrap,4,oracle_margin,0.9985351720514474,0.998535,0.999268
0.244993,0.0,-0.0,1.0,memotrap_16,memotrap,1,oracle_margin,0.24499318861499808,0.244993,0.622497
0.244993,0.0,-0.0,1.0,memotrap_16,memotrap,2,oracle_margin,0.24499318861499808,0.244993,0.622497
0.244993,0.0,-0.0,1.0,memotrap_16,memotrap,3,oracle_margin,0.24499318861499808,0.244993,0.622497
0.244993,0.0,-0.0,1.0,memotrap_16,memotrap,4,oracle_margin,0.24499318861499808,0.244993,0.622497
0.969582,0.0,-0.0,1.0,memotrap_17,memotrap,1,oracle_margin,0.9695819640691813,0.969582,0.984791
0.969582,0.0,-0.0,1.0,memotrap_17,memotrap,2,oracle_margin,0.9695819640691813,0.969582,0.984791
0.969582,0.0,-0.0,1.0,memotrap_17,memotrap,3,oracle_margin,0.9695819640691813,0.969582,0.984791
0.969582,0.0,-0.0,1.0,memotrap_17,memotrap,4,oracle_margin,0.9695819640691813,0.969582,0.984791
0.846614,0.0,-0.0,1.0,memotrap_18,memotrap,1,oracle_margin,0.8466141802096065,0.846614,0.923307
0.846614,0.0,-0.0,1.0,memotrap_18,memotrap,2,oracle_margin,0.8466141802096065,0.846614,0.923307
0.846614,0.0,-0.0,1.0,memotrap_18,memotrap,3,oracle_margin,0.8466141802096065,0.846614,0.923307
0.846614,0.0,-0.0,1.0,memotrap_18,memotrap,4,oracle_margin,0.8466141802096065,0.846614,0.923307
0.999544,0.0,-0.0,1.0,memotrap_19,memotrap,1,oracle_margin,0.999543839246164,0.999544,0.999772
0.999544,0.0,-0.0,1.0,memotrap_19,memotrap,2,oracle_margin,0.999543839246164,0.999544,0.999772
0.999544,0.0,-0.0,1.0,memotrap_19,memotrap,3,oracle_margin,0.999543839246164,0.999544,0.999772
0.999544,0.0,-0.0,1.0,memotrap_19,memotrap,4,oracle_margin,0.999543839246164,0.999544,0.999772
0.973656,0.0,-0.0,1.0,memotrap_20,memotrap,1,oracle_margin,0.9736557477393445,0.973656,0.986828
0.973656,0.0,-0.0,1.0,memotrap_20,memotrap,2,oracle_margin,0.9736557477393445,0.973656,0.986828
0.973656,0.0,-0.0,1.0,memotrap_20,memotrap,3,oracle_margin,0.9736557477393445,0.973656,0.986828
0.973656,0.0,-0.0,1.0,memotrap_20,memotrap,4,oracle_margin,0.9736557477393445,0.973656,0.986828
0.999737,0.0,-0.0,1.0,memotrap_21,memotrap,1,oracle_margin,0.9997374990993267,0.999737,0.999869
0.999737,0.0,-0.0,1.0,memotrap_21,memotrap,2,oracle_margin,0.9997374990993267,0.999737,0.999869
0.999737,0.0,-0.0,1.0,memotrap_21,memotrap,3,oracle_margin,0.9997374990993267,0.999737,0.999869
0.999737,0.0,-0.0,1.0,memotrap_21,memotrap,4,oracle_margin,0.9997374990993267,0.999737,0.999869
0.549551,0.0,-0.0,1.0,memotrap_22,memotrap,1,oracle_margin,0.5495511399983434,0.549551,0.774776
0.549551,0.0,-0.0,1.0,memotrap_22,memotrap,2,oracle_margin,0.5495511399983434,0.549551,0.774776
0.549551,0.0,-0.0,1.0,memotrap_22,memotrap,3,oracle_margin,0.5495511399983434,0.549551,0.774776
0.549551,0.0,-0.0,1.0,memotrap_22,memotrap,4,oracle_margin,0.5495511399983434,0.549551,0.774776
0.734077,0.0,-0.0,1.0,memotrap_23,memotrap,1,oracle_margin,0.7340773057974872,0.734077,0.867039
0.734077,0.0,-0.0,1.0,memotrap_23,memotrap,2,oracle_margin,0.7340773057974872,0.734077,0.867039
0.734077,0.0,-0.0,1.0,memotrap_23,memotrap,3,oracle_margin,0.7340773057974872,0.734077,0.867039
0.734077,0.0,-0.0,1.0,memotrap_23,memotrap,4,oracle_margin,0.7340773057974872,0.734077,0.867039
0.979759,0.0,-0.0,1.0,memotrap_24,memotrap,1,oracle_margin,0.979758573686532,0.979759,0.989879
0.979759,0.0,-0.0,1.0,memotrap_24,memotrap,2,oracle_margin,0.979758573686532,0.979759,0.989879
0.979759,0.0,-0.0,1.0,memotrap_24,memotrap,3,oracle_margin,0.979758573686532,0.979759,0.989879
0.979759,0.0,-0.0,1.0,memotrap_24,memotrap,4,oracle_margin,0.979758573686532,0.979759,0.989879
-0.959594,1.159594,-0.463838,0.536162,memotrap_25,memotrap,1,oracle_margin,-0.9595944289920858,-0.689501,0.155249
-0.689501,0.889501,-0.297821,0.4,memotrap_25,memotrap,2,oracle_margin,-0.6895010380411564,-0.431489,0.284255
-0.431489,0.631489,-0.2661,0.4,memotrap_25,memotrap,3,oracle_margin,-0.43148929654569357,-0.431489,0.284255
-0.431489,0.631489,-0.323476,0.4,memotrap_25,memotrap,4,oracle_margin,-0.43148929654569357,-0.431489,0.284255
0.997654,0.0,-0.0,1.0,memotrap_26,memotrap,1,oracle_margin,0.9976544401010823,0.997654,0.998827
0.997654,0.0,-0.0,1.0,memotrap_26,memotrap,2,oracle_margin,0.9976544401010823,0.997654,0.998827
0.997654,0.0,-0.0,1.0,memotrap_26,memotrap,3,oracle_margin,0.9976544401010823,0.997654,0.998827
0.997654,0.0,-0.0,1.0,memotrap_26,memotrap,4,oracle_margin,0.9976544401010823,0.997654,0.998827
-0.037122,0.237122,-0.094849,0.905151,memotrap_27,memotrap,1,oracle_margin,-0.03712234924353436,0.018527,0.509263
0.018527,0.181473,-0.060733,0.844418,memotrap_27,memotrap,2,oracle_margin,0.01852687770750433,0.040498,0.520249
0.040498,0.159502,-0.066583,0.777835,memotrap_27,memotrap,3,oracle_margin,0.040497612689134765,0.045831,0.522916
0.045831,0.154169,-0.074622,0.703212,memotrap_27,memotrap,4,oracle_margin,0.04583105170004115,0.033525,0.516762
0.353338,0.0,-0.0,1.0,memotrap_28,memotrap,1,oracle_margin,0.3533383215368447,0.353338,0.676669
0.353338,0.0,-0.0,1.0,memotrap_28,memotrap,2,oracle_margin,0.3533383215368447,0.353338,0.676669
0.353338,0.0,-0.0,1.0,memotrap_28,memotrap,3,oracle_margin,0.3533383215368447,0.353338,0.676669
0.353338,0.0,-0.0,1.0,memotrap_28,memotrap,4,oracle_margin,0.3533383215368447,0.353338,0.676669
0.964017,0.0,-0.0,1.0,memotrap_29,memotrap,1,oracle_margin,0.9640166021544421,0.964017,0.982008
0.964017,0.0,-0.0,1.0,memotrap_29,memotrap,2,oracle_margin,0.9640166021544421,0.964017,0.982008
0.964017,0.0,-0.0,1.0,memotrap_29,memotrap,3,oracle_margin,0.9640166021544421,0.964017,0.982008
0.964017,0.0,-0.0,1.0,memotrap_29,memotrap,4,oracle_margin,0.9640166021544421,0.964017,0.982008
-0.982221,1.182221,-0.472888,0.527112,memotrap_30,memotrap,1,oracle_margin,-0.9822211879462301,-0.992154,0.003923
-0.992154,1.192154,-0.41775,0.4,memotrap_30,memotrap,2,oracle_margin,-0.9921536597615501,-0.998265,0.000867
-0.998265,1.198265,-0.47881,0.4,memotrap_30,memotrap,3,oracle_margin,-0.9982653690957763,-0.998265,0.000867
-0.998265,1.198265,-0.538112,0.4,memotrap_30,memotrap,4,oracle_margin,-0.9982653690957763,-0.998265,0.000867
0.153734,0.046266,-0.018506,0.981494,memotrap_31,memotrap,1,oracle_margin,0.15373434576815398,0.213762,0.606881
0.213762,0.0,0.002313,0.983807,memotrap_31,memotrap,2,oracle_margin,0.21376221947649038,0.200211,0.600105
0.200211,0.0,-0.002313,0.981494,memotrap_31,memotrap,3,oracle_margin,0.2002109801018362,0.213762,0.606881
0.213762,0.0,-0.002313,0.97918,memotrap_31,memotrap,4,oracle_margin,0.21376221947649038,0.218553,0.609277
0.198089,0.001911,-0.000765,0.999235,memotrap_32,memotrap,1,oracle_margin,0.19808869903547893,0.196759,0.59838
0.196759,0.003241,-0.001201,0.998035,memotrap_32,memotrap,2,oracle_margin,0.19675922473939356,0.200514,0.600257
0.200514,0.0,6.6e-05,0.998101,memotrap_32,memotrap,3,oracle_margin,0.20051440468876802,0.199963,0.599981
0.199963,3.7e-05,-0.000272,0.997829,memotrap_32,memotrap,4,oracle_margin,0.19996293929734815,0.201367,0.600683
0.982423,0.0,-0.0,1.0,memotrap_33,memotrap,1,oracle_margin,0.9824228298771369,0.982423,0.991211
0.982423,0.0,-0.0,1.0,memotrap_33,memotrap,2,oracle_margin,0.9824228298771369,0.982423,0.991211
0.982423,0.0,-0.0,1.0,memotrap_33,memotrap,3,oracle_margin,0.9824228298771369,0.982423,0.991211
0.982423,0.0,-0.0,1.0,memotrap_33,memotrap,4,oracle_margin,0.9824228298771369,0.982423,0.991211
0.937626,0.0,-0.0,1.0,memotrap_34,memotrap,1,oracle_margin,0.9376263142138342,0.937626,0.968813
0.937626,0.0,-0.0,1.0,memotrap_34,memotrap,2,oracle_margin,0.9376263142138342,0.937626,0.968813
0.937626,0.0,-0.0,1.0,memotrap_34,memotrap,3,oracle_margin,0.9376263142138342,0.937626,0.968813
0.937626,0.0,-0.0,1.0,memotrap_34,memotrap,4,oracle_margin,0.9376263142138342,0.937626,0.968813
0.972583,0.0,-0.0,1.0,memotrap_35,memotrap,1,oracle_margin,0.9725829150937694,0.972583,0.986291
0.972583,0.0,-0.0,1.0,memotrap_35,memotrap,2,oracle_margin,0.9725829150937694,0.972583,0.986291
0.972583,0.0,-0.0,1.0,memotrap_35,memotrap,3,oracle_margin,0.9725829150937694,0.972583,0.986291
0.972583,0.0,-0.0,1.0,memotrap_35,memotrap,4,oracle_margin,0.9725829150937694,0.972583,0.986291
0.953744,0.0,-0.0,1.0,memotrap_36,memotrap,1,oracle_margin,0.953743576959557,0.953744,0.976872
0.953744,0.0,-0.0,1.0,memotrap_36,memotrap,2,oracle_margin,0.953743576959557,0.953744,0.976872
0.953744,0.0,-0.0,1.0,memotrap_36,memotrap,3,oracle_margin,0.953743576959557,0.953744,0.976872
0.953744,0.0,-0.0,1.0,memotrap_36,memotrap,4,oracle_margin,0.953743576959557,0.953744,0.976872
0.996669,0.0,-0.0,1.0,memotrap_37,memotrap,1,oracle_margin,0.996668792463389,0.996669,0.998334
0.996669,0.0,-0.0,1.0,memotrap_37,memotrap,2,oracle_margin,0.996668792463389,0.996669,0.998334
0.996669,0.0,-0.0,1.0,memotrap_37,memotrap,3,oracle_margin,0.996668792463389,0.996669,0.998334
0.996669,0.0,-0.0,1.0,memotrap_37,memotrap,4,oracle_margin,0.996668792463389,0.996669,0.998334
0.998763,0.0,-0.0,1.0,memotrap_38,memotrap,1,oracle_margin,0.9987628718348971,0.998763,0.999381
0.998763,0.0,-0.0,1.0,memotrap_38,memotrap,2,oracle_margin,0.9987628718348971,0.998763,0.999381
0.998763,0.0,-0.0,1.0,memotrap_38,memotrap,3,oracle_margin,0.9987628718348971,0.998763,0.999381
0.998763,0.0,-0.0,1.0,memotrap_38,memotrap,4,oracle_margin,0.9987628718348971,0.998763,0.999381
0.999598,0.0,-0.0,1.0,memotrap_39,memotrap,1,oracle_margin,0.9995984490840728,0.999598,0.999799
0.999598,0.0,-0.0,1.0,memotrap_39,memotrap,2,oracle_margin,0.9995984490840728,0.999598,0.999799
0.999598,0.0,-0.0,1.0,memotrap_39,memotrap,3,oracle_margin,0.9995984490840728,0.999598,0.999799
0.999598,0.0,-0.0,1.0,memotrap_39,memotrap,4,oracle_margin,0.9995984490840728,0.999598,0.999799
-0.992877,1.192877,-0.477151,0.522849,memotrap_40,memotrap,1,oracle_margin,-0.9928770148286806,-0.992667,0.003667
-0.992667,1.192667,-0.417423,0.4,memotrap_40,memotrap,2,oracle_margin,-0.9926665295183971,-0.995549,0.002225
-0.995549,1.195549,-0.47823,0.4,memotrap_40,memotrap,3,oracle_margin,-0.9955493370605765,-0.995549,0.002225
-0.995549,1.195549,-0.537719,0.4,memotrap_40,memotrap,4,oracle_margin,-0.9955493370605765,-0.995549,0.002225
0.942664,0.0,-0.0,1.0,memotrap_41,memotrap,1,oracle_margin,0.9426636849464654,0.942664,0.971332
0.942664,0.0,-0.0,1.0,memotrap_41,memotrap,2,oracle_margin,0.9426636849464654,0.942664,0.971332
0.942664,0.0,-0.0,1.0,memotrap_41,memotrap,3,oracle_margin,0.9426636849464654,0.942664,0.971332
0.942664,0.0,-0.0,1.0,memotrap_41,memotrap,4,oracle_margin,0.9426636849464654,0.942664,0.971332
0.975386,0.0,-0.0,1.0,memotrap_42,memotrap,1,oracle_margin,0.9753855349617786,0.975386,0.987693
0.975386,0.0,-0.0,1.0,memotrap_42,memotrap,2,oracle_margin,0.9753855349617786,0.975386,0.987693
0.975386,0.0,-0.0,1.0,memotrap_42,memotrap,3,oracle_margin,0.9753855349617786,0.975386,0.987693
0.975386,0.0,-0.0,1.0,memotrap_42,memotrap,4,oracle_margin,0.9753855349617786,0.975386,0.987693
-0.899482,1.099482,-0.439793,0.560207,memotrap_43,memotrap,1,oracle_margin,-0.8994821981227882,-0.877169,0.061415
-0.877169,1.077169,-0.375894,0.4,memotrap_43,memotrap,2,oracle_margin,-0.8771694196739552,-0.850452,0.074774
-0.850452,1.050452,-0.421296,0.4,memotrap_43,memotrap,3,oracle_margin,-0.8504520568203007,-0.850452,0.074774
-0.850452,1.050452,-0.476491,0.4,memotrap_43,memotrap,4,oracle_margin,-0.8504520568203007,-0.850452,0.074774
0.995005,0.0,-0.0,1.0,memotrap_44,memotrap,1,oracle_margin,0.9950050853952518,0.995005,0.997503
0.995005,0.0,-0.0,1.0,memotrap_44,memotrap,2,oracle_margin,0.9950050853952518,0.995005,0.997503
0.995005,0.0,-0.0,1.0,memotrap_44,memotrap,3,oracle_margin,0.9950050853952518,0.995005,0.997503
0.995005,0.0,-0.0,1.0,memotrap_44,memotrap,4,oracle_margin,0.9950050853952518,0.995005,0.997503
0.727353,0.0,-0.0,1.0,memotrap_45,memotrap,1,oracle_margin,0.7273526689448981,0.727353,0.863676
0.727353,0.0,-0.0,1.0,memotrap_45,memotrap,2,oracle_margin,0.7273526689448981,0.727353,0.863676
0.727353,0.0,-0.0,1.0,memotrap_45,memotrap,3,oracle_margin,0.7273526689448981,0.727353,0.863676
0.727353,0.0,-0.0,1.0,memotrap_45,memotrap,4,oracle_margin,0.7273526689448981,0.727353,0.863676
0.170025,0.029975,-0.01199,0.98801,memotrap_46,memotrap,1,oracle_margin,0.17002487797899046,0.20051,0.600255
0.20051,0.0,0.001499,0.989509,memotrap_46,memotrap,2,oracle_margin,0.20051021776151617,0.195028,0.597514
0.195028,0.004972,-0.003487,0.986021,memotrap_46,memotrap,3,oracle_margin,0.19502834461588459,0.200188,0.600094
0.200188,0.0,-0.00125,0.984771,memotrap_46,memotrap,4,oracle_margin,0.20018788462621756,0.199568,0.599784
0.993319,0.0,-0.0,1.0,memotrap_47,memotrap,1,oracle_margin,0.9933194714099208,0.993319,0.99666
0.993319,0.0,-0.0,1.0,memotrap_47,memotrap,2,oracle_margin,0.9933194714099208,0.993319,0.99666
0.993319,0.0,-0.0,1.0,memotrap_47,memotrap,3,oracle_margin,0.9933194714099208,0.993319,0.99666
0.993319,0.0,-0.0,1.0,memotrap_47,memotrap,4,oracle_margin,0.9933194714099208,0.993319,0.99666
0.982368,0.0,-0.0,1.0,memotrap_48,memotrap,1,oracle_margin,0.982367586433281,0.982368,0.991184
0.982368,0.0,-0.0,1.0,memotrap_48,memotrap,2,oracle_margin,0.982367586433281,0.982368,0.991184
0.982368,0.0,-0.0,1.0,memotrap_48,memotrap,3,oracle_margin,0.982367586433281,0.982368,0.991184
0.982368,0.0,-0.0,1.0,memotrap_48,memotrap,4,oracle_margin,0.982367586433281,0.982368,0.991184
0.999972,0.0,-0.0,1.0,memotrap_49,memotrap,1,oracle_margin,0.9999723600509621,0.999972,0.999986
0.999972,0.0,-0.0,1.0,memotrap_49,memotrap,2,oracle_margin,0.9999723600509621,0.999972,0.999986
0.999972,0.0,-0.0,1.0,memotrap_49,memotrap,3,oracle_margin,0.9999723600509621,0.999972,0.999986
0.999972,0.0,-0.0,1.0,memotrap_49,memotrap,4,oracle_margin,0.9999723600509621,0.999972,0.999986
-1.0,1.2,-0.48,0.52,memotrap_50,memotrap,1,oracle_margin,-0.999999829085371,-0.999999,1e-06
-0.999999,1.199999,-0.42,0.4,memotrap_50,memotrap,2,oracle_margin,-0.999998934489958,-0.999992,4e-06
-0.999992,1.199992,-0.479997,0.4,memotrap_50,memotrap,3,oracle_margin,-0.9999916156557416,-0.999992,4e-06
-0.999992,1.199992,-0.539997,0.4,memotrap_50,memotrap,4,oracle_margin,-0.9999916156557416,-0.999992,4e-06
-0.263959,0.463959,-0.185583,0.814417,memotrap_51,memotrap,1,oracle_margin,-0.2639586943653727,-0.260715,0.369643
-0.260715,0.460715,-0.161088,0.653328,memotrap_51,memotrap,2,oracle_margin,-0.2607149600868593,-0.292114,0.353943
-0.292114,0.492114,-0.197008,0.456321,memotrap_51,memotrap,3,oracle_margin,-0.2921140870393364,-0.351638,0.324181
-0.351638,0.551638,-0.242283,0.4,memotrap_51,memotrap,4,oracle_margin,-0.35163801793136895,-0.319475,0.340263
0.946669,0.0,-0.0,1.0,memotrap_52,memotrap,1,oracle_margin,0.9466691084628969,0.946669,0.973335
0.946669,0.0,-0.0,1.0,memotrap_52,memotrap,2,oracle_margin,0.9466691084628969,0.946669,0.973335
0.946669,0.0,-0.0,1.0,memotrap_52,memotrap,3,oracle_margin,0.9466691084628969,0.946669,0.973335
0.946669,0.0,-0.0,1.0,memotrap_52,memotrap,4,oracle_margin,0.9466691084628969,0.946669,0.973335
0.888121,0.0,-0.0,1.0,memotrap_53,memotrap,1,oracle_margin,0.8881210171007177,0.888121,0.944061
0.888121,0.0,-0.0,1.0,memotrap_53,memotrap,2,oracle_margin,0.8881210171007177,0.888121,0.944061
0.888121,0.0,-0.0,1.0,memotrap_53,memotrap,3,oracle_margin,0.8881210171007177,0.888121,0.944061
0.888121,0.0,-0.0,1.0,memotrap_53,memotrap,4,oracle_margin,0.8881210171007177,0.888121,0.944061
0.997694,0.0,-0.0,1.0,memotrap_54,memotrap,1,oracle_margin,0.9976938740651721,0.997694,0.998847
0.997694,0.0,-0.0,1.0,memotrap_54,memotrap,2,oracle_margin,0.9976938740651721,0.997694,0.998847
0.997694,0.0,-0.0,1.0,memotrap_54,memotrap,3,oracle_margin,0.9976938740651721,0.997694,0.998847
0.997694,0.0,-0.0,1.0,memotrap_54,memotrap,4,oracle_margin,0.9976938740651721,0.997694,0.998847
0.882224,0.0,-0.0,1.0,memotrap_55,memotrap,1,oracle_margin,0.8822242322246308,0.882224,0.941112
0.882224,0.0,-0.0,1.0,memotrap_55,memotrap,2,oracle_margin,0.8822242322246308,0.882224,0.941112
0.882224,0.0,-0.0,1.0,memotrap_55,memotrap,3,oracle_margin,0.8822242322246308,0.882224,0.941112
0.882224,0.0,-0.0,1.0,memotrap_55,memotrap,4,oracle_margin,0.8822242322246308,0.882224,0.941112
-0.233371,0.433371,-0.173348,0.826652,memotrap_56,memotrap,1,oracle_margin,-0.23337120941249728,-0.187868,0.406066
-0.187868,0.387868,-0.133479,0.693173,memotrap_56,memotrap,2,oracle_margin,-0.1878680467972445,-0.158849,0.420576
-0.158849,0.358849,-0.145815,0.547358,memotrap_56,memotrap,3,oracle_margin,-0.1588489409657401,-0.150833,0.424584
-0.150833,0.350833,-0.163453,0.4,memotrap_56,memotrap,4,oracle_margin,-0.15083252972565553,-0.178472,0.410764
0.98214,0.0,-0.0,1.0,memotrap_57,memotrap,1,oracle_margin,0.9821395237807701,0.98214,0.99107
0.98214,0.0,-0.0,1.0,memotrap_57,memotrap,2,oracle_margin,0.9821395237807701,0.98214,0.99107
0.98214,0.0,-0.0,1.0,memotrap_57,memotrap,3,oracle_margin,0.9821395237807701,0.98214,0.99107
0.98214,0.0,-0.0,1.0,memotrap_57,memotrap,4,oracle_margin,0.9821395237807701,0.98214,0.99107
-0.876411,1.076411,-0.430564,0.569436,memotrap_58,memotrap,1,oracle_margin,-0.8764107721075085,-0.898421,0.050789
-0.898421,1.098421,-0.385548,0.4,memotrap_58,memotrap,2,oracle_margin,-0.8984214613334773,-0.903644,0.048178
-0.903644,1.103644,-0.440357,0.4,memotrap_58,memotrap,3,oracle_margin,-0.9036444077734217,-0.903644,0.048178
-0.903644,1.103644,-0.495017,0.4,memotrap_58,memotrap,4,oracle_margin,-0.9036444077734217,-0.903644,0.048178
0.989823,0.0,-0.0,1.0,memotrap_59,memotrap,1,oracle_margin,0.9898234185553135,0.989823,0.994912
0.989823,0.0,-0.0,1.0,memotrap_59,memotrap,2,oracle_margin,0.9898234185553135,0.989823,0.994912
0.989823,0.0,-0.0,1.0,memotrap_59,memotrap,3,oracle_margin,0.9898234185553135,0.989823,0.994912
0.989823,0.0,-0.0,1.0,memotrap_59,memotrap,4,oracle_margin,0.9898234185553135,0.989823,0.994912
0.871937,0.0,-0.0,1.0,memotrap_60,memotrap,1,oracle_margin,0.8719372924005369,0.871937,0.935969
0.871937,0.0,-0.0,1.0,memotrap_60,memotrap,2,oracle_margin,0.8719372924005369,0.871937,0.935969
0.871937,0.0,-0.0,1.0,memotrap_60,memotrap,3,oracle_margin,0.8719372924005369,0.871937,0.935969
0.871937,0.0,-0.0,1.0,memotrap_60,memotrap,4,oracle_margin,0.8719372924005369,0.871937,0.935969
0.999956,0.0,-0.0,1.0,memotrap_61,memotrap,1,oracle_margin,0.9999555162678534,0.999956,0.999978
0.999956,0.0,-0.0,1.0,memotrap_61,memotrap,2,oracle_margin,0.9999555162678534,0.999956,0.999978
0.999956,0.0,-0.0,1.0,memotrap_61,memotrap,3,oracle_margin,0.9999555162678534,0.999956,0.999978
0.999956,0.0,-0.0,1.0,memotrap_61,memotrap,4,oracle_margin,0.9999555162678534,0.999956,0.999978
0.889368,0.0,-0.0,1.0,memotrap_62,memotrap,1,oracle_margin,0.8893678526587839,0.889368,0.944684
0.889368,0.0,-0.0,1.0,memotrap_62,memotrap,2,oracle_margin,0.8893678526587839,0.889368,0.944684
0.889368,0.0,-0.0,1.0,memotrap_62,memotrap,3,oracle_margin,0.8893678526587839,0.889368,0.944684
0.889368,0.0,-0.0,1.0,memotrap_62,memotrap,4,oracle_margin,0.8893678526587839,0.889368,0.944684
0.828583,0.0,-0.0,1.0,memotrap_63,memotrap,1,oracle_margin,0.8285830855566327,0.828583,0.914292
0.828583,0.0,-0.0,1.0,memotrap_63,memotrap,2,oracle_margin,0.8285830855566327,0.828583,0.914292
0.828583,0.0,-0.0,1.0,memotrap_63,memotrap,3,oracle_margin,0.8285830855566327,0.828583,0.914292
0.828583,0.0,-0.0,1.0,memotrap_63,memotrap,4,oracle_margin,0.8285830855566327,0.828583,0.914292
0.685982,0.0,-0.0,1.0,memotrap_64,memotrap,1,oracle_margin,0.6859823002113773,0.685982,0.842991
0.685982,0.0,-0.0,1.0,memotrap_64,memotrap,2,oracle_margin,0.6859823002113773,0.685982,0.842991
0.685982,0.0,-0.0,1.0,memotrap_64,memotrap,3,oracle_margin,0.6859823002113773,0.685982,0.842991
0.685982,0.0,-0.0,1.0,memotrap_64,memotrap,4,oracle_margin,0.6859823002113773,0.685982,0.842991
-0.688007,0.888007,-0.355203,0.644797,memotrap_65,memotrap,1,oracle_margin,-0.6880067201531102,0.562185,0.781092
0.562185,0.0,0.0444,0.689198,memotrap_65,memotrap,2,oracle_margin,0.5621846924902982,0.410093,0.705046
0.410093,0.0,-0.0444,0.644797,memotrap_65,memotrap,3,oracle_margin,0.4100927997838612,0.562185,0.781092
0.562185,0.0,-0.0444,0.600397,memotrap_65,memotrap,4,oracle_margin,0.5621846924902982,0.685174,0.842587
0.998014,0.0,-0.0,1.0,memotrap_66,memotrap,1,oracle_margin,0.9980137372362272,0.998014,0.999007
0.998014,0.0,-0.0,1.0,memotrap_66,memotrap,2,oracle_margin,0.9980137372362272,0.998014,0.999007
0.998014,0.0,-0.0,1.0,memotrap_66,memotrap,3,oracle_margin,0.9980137372362272,0.998014,0.999007
0.998014,0.0,-0.0,1.0,memotrap_66,memotrap,4,oracle_margin,0.9980137372362272,0.998014,0.999007
0.994346,0.0,-0.0,1.0,memotrap_67,memotrap,1,oracle_margin,0.9943458698427513,0.994346,0.997173
0.994346,0.0,-0.0,1.0,memotrap_67,memotrap,2,oracle_margin,0.9943458698427513,0.994346,0.997173
0.994346,0.0,-0.0,1.0,memotrap_67,memotrap,3,oracle_margin,0.9943458698427513,0.994346,0.997173
0.994346,0.0,-0.0,1.0,memotrap_67,memotrap,4,oracle_margin,0.9943458698427513,0.994346,0.997173
0.681352,0.0,-0.0,1.0,memotrap_68,memotrap,1,oracle_margin,0.6813516891200021,0.681352,0.840676
0.681352,0.0,-0.0,1.0,memotrap_68,memotrap,2,oracle_margin,0.6813516891200021,0.681352,0.840676
0.681352,0.0,-0.0,1.0,memotrap_68,memotrap,3,oracle_margin,0.6813516891200021,0.681352,0.840676
0.681352,0.0,-0.0,1.0,memotrap_68,memotrap,4,oracle_margin,0.6813516891200021,0.681352,0.840676
0.527615,0.0,-0.0,1.0,memotrap_69,memotrap,1,oracle_margin,0.5276145782543411,0.527615,0.763807
0.527615,0.0,-0.0,1.0,memotrap_69,memotrap,2,oracle_margin,0.5276145782543411,0.527615,0.763807
0.527615,0.0,-0.0,1.0,memotrap_69,memotrap,3,oracle_margin,0.5276145782543411,0.527615,0.763807
0.527615,0.0,-0.0,1.0,memotrap_69,memotrap,4,oracle_margin,0.5276145782543411,0.527615,0.763807
0.937964,0.0,-0.0,1.0,memotrap_70,memotrap,1,oracle_margin,0.9379635461837795,0.937964,0.968982
0.937964,0.0,-0.0,1.0,memotrap_70,memotrap,2,oracle_margin,0.9379635461837795,0.937964,0.968982
0.937964,0.0,-0.0,1.0,memotrap_70,memotrap,3,oracle_margin,0.9379635461837795,0.937964,0.968982
0.937964,0.0,-0.0,1.0,memotrap_70,memotrap,4,oracle_margin,0.9379635461837795,0.937964,0.968982
0.580954,0.0,-0.0,1.0,memotrap_71,memotrap,1,oracle_margin,0.5809536296735217,0.580954,0.790477
0.580954,0.0,-0.0,1.0,memotrap_71,memotrap,2,oracle_margin,0.5809536296735217,0.580954,0.790477
0.580954,0.0,-0.0,1.0,memotrap_71,memotrap,3,oracle_margin,0.5809536296735217,0.580954,0.790477
0.580954,0.0,-0.0,1.0,memotrap_71,memotrap,4,oracle_margin,0.5809536296735217,0.580954,0.790477
-0.080098,0.280098,-0.112039,0.887961,memotrap_72,memotrap,1,oracle_margin,-0.08009763532488129,0.084565,0.542282
0.084565,0.115435,-0.032169,0.855792,memotrap_72,memotrap,2,oracle_margin,0.08456481228328894,0.137099,0.568549
0.137099,0.062901,-0.033394,0.822398,memotrap_72,memotrap,3,oracle_margin,0.1370989381317258,0.187479,0.593739
0.187479,0.012521,-0.02164,0.800758,memotrap_72,memotrap,4,oracle_margin,0.18747858091433767,0.220875,0.610437
0.999398,0.0,-0.0,1.0,memotrap_73,memotrap,1,oracle_margin,0.9993976397950431,0.999398,0.999699
0.999398,0.0,-0.0,1.0,memotrap_73,memotrap,2,oracle_margin,0.9993976397950431,0.999398,0.999699
0.999398,0.0,-0.0,1.0,memotrap_73,memotrap,3,oracle_margin,0.9993976397950431,0.999398,0.999699
0.999398,0.0,-0.0,1.0,memotrap_73,memotrap,4,oracle_margin,0.9993976397950431,0.999398,0.999699
0.990574,0.0,-0.0,1.0,memotrap_74,memotrap,1,oracle_margin,0.9905744557449854,0.990574,0.995287
0.990574,0.0,-0.0,1.0,memotrap_74,memotrap,2,oracle_margin,0.9905744557449854,0.990574,0.995287
0.990574,0.0,-0.0,1.0,memotrap_74,memotrap,3,oracle_margin,0.9905744557449854,0.990574,0.995287
0.990574,0.0,-0.0,1.0,memotrap_74,memotrap,4,oracle_margin,0.9905744557449854,0.990574,0.995287
-0.120789,0.320789,-0.128316,0.871684,memotrap_75,memotrap,1,oracle_margin,-0.12078936220932268,-0.118319,0.440841
-0.118319,0.318319,-0.111288,0.760396,memotrap_75,memotrap,2,oracle_margin,-0.11831866064388047,-0.091486,0.454257
-0.091486,0.291486,-0.116718,0.643678,memotrap_75,memotrap,3,oracle_margin,-0.09148640952926845,-0.049761,0.475119
-0.049761,0.249761,-0.117286,0.526393,memotrap_75,memotrap,4,oracle_margin,-0.04976140758614506,0.009765,0.504883
0.68051,0.0,-0.0,1.0,memotrap_76,memotrap,1,oracle_margin,0.680509627197917,0.68051,0.840255
0.68051,0.0,-0.0,1.0,memotrap_76,memotrap,2,oracle_margin,0.680509627197917,0.68051,0.840255
0.68051,0.0,-0.0,1.0,memotrap_76,memotrap,3,oracle_margin,0.680509627197917,0.68051,0.840255
0.68051,0.0,-0.0,1.0,memotrap_76,memotrap,4,oracle_margin,0.680509627197917,0.68051,0.840255
0.615593,0.0,-0.0,1.0,memotrap_77,memotrap,1,oracle_margin,0.6155927239574505,0.615593,0.807796
0.615593,0.0,-0.0,1.0,memotrap_77,memotrap,2,oracle_margin,0.6155927239574505,0.615593,0.807796
0.615593,0.0,-0.0,1.0,memotrap_77,memotrap,3,oracle_margin,0.6155927239574505,0.615593,0.807796
0.615593,0.0,-0.0,1.0,memotrap_77,memotrap,4,oracle_margin,0.6155927239574505,0.615593,0.807796
0.998598,0.0,-0.0,1.0,memotrap_78,memotrap,1,oracle_margin,0.9985983298422644,0.998598,0.999299
0.998598,0.0,-0.0,1.0,memotrap_78,memotrap,2,oracle_margin,0.9985983298422644,0.998598,0.999299
0.998598,0.0,-0.0,1.0,memotrap_78,memotrap,3,oracle_margin,0.9985983298422644,0.998598,0.999299
0.998598,0.0,-0.0,1.0,memotrap_78,memotrap,4,oracle_margin,0.9985983298422644,0.998598,0.999299
-0.547671,0.747671,-0.299069,0.700931,memotrap_79,memotrap,1,oracle_margin,-0.5476712884846974,0.400645,0.700323
0.400645,0.0,0.037384,0.738315,memotrap_79,memotrap,2,oracle_margin,0.400645496583824,0.267725,0.633862
0.267725,0.0,-0.037384,0.700931,memotrap_79,memotrap,3,oracle_margin,0.267724838726015,0.400645,0.700323
0.400645,0.0,-0.037384,0.663548,memotrap_79,memotrap,4,oracle_margin,0.400645496583824,0.481775,0.740887
0.998259,0.0,-0.0,1.0,memotrap_80,memotrap,1,oracle_margin,0.9982590014707695,0.998259,0.99913
0.998259,0.0,-0.0,1.0,memotrap_80,memotrap,2,oracle_margin,0.9982590014707695,0.998259,0.99913
0.998259,0.0,-0.0,1.0,memotrap_80,memotrap,3,oracle_margin,0.9982590014707695,0.998259,0.99913
0.998259,0.0,-0.0,1.0,memotrap_80,memotrap,4,oracle_margin,0.9982590014707695,0.998259,0.99913
-0.204761,0.404761,-0.161904,0.838096,memotrap_81,memotrap,1,oracle_margin,-0.2047610199984627,-0.399673,0.300164
-0.399673,0.599673,-0.219631,0.618465,memotrap_81,memotrap,2,oracle_margin,-0.39967282490736483,-0.55773,0.221135
-0.55773,0.75773,-0.293346,0.4,memotrap_81,memotrap,3,oracle_margin,-0.5577301093252137,-0.981191,0.009405
-0.981191,1.181191,-0.484811,0.4,memotrap_81,memotrap,4,oracle_margin,-0.9811906820700887,-0.981191,0.009405
0.811202,0.0,-0.0,1.0,memotrap_82,memotrap,1,oracle_margin,0.8112024715232498,0.811202,0.905601
0.811202,0.0,-0.0,1.0,memotrap_82,memotrap,2,oracle_margin,0.8112024715232498,0.811202,0.905601
0.811202,0.0,-0.0,1.0,memotrap_82,memotrap,3,oracle_margin,0.8112024715232498,0.811202,0.905601
0.811202,0.0,-0.0,1.0,memotrap_82,memotrap,4,oracle_margin,0.8112024715232498,0.811202,0.905601
0.864791,0.0,-0.0,1.0,memotrap_83,memotrap,1,oracle_margin,0.8647914386143667,0.864791,0.932396
0.864791,0.0,-0.0,1.0,memotrap_83,memotrap,2,oracle_margin,0.8647914386143667,0.864791,0.932396
0.864791,0.0,-0.0,1.0,memotrap_83,memotrap,3,oracle_margin,0.8647914386143667,0.864791,0.932396
0.864791,0.0,-0.0,1.0,memotrap_83,memotrap,4,oracle_margin,0.8647914386143667,0.864791,0.932396
0.466999,0.0,-0.0,1.0,memotrap_84,memotrap,1,oracle_margin,0.46699875074725294,0.466999,0.733499
0.466999,0.0,-0.0,1.0,memotrap_84,memotrap,2,oracle_margin,0.46699875074725294,0.466999,0.733499
0.466999,0.0,-0.0,1.0,memotrap_84,memotrap,3,oracle_margin,0.46699875074725294,0.466999,0.733499
0.466999,0.0,-0.0,1.0,memotrap_84,memotrap,4,oracle_margin,0.46699875074725294,0.466999,0.733499
0.981654,0.0,-0.0,1.0,memotrap_85,memotrap,1,oracle_margin,0.9816542398733988,0.981654,0.990827
0.981654,0.0,-0.0,1.0,memotrap_85,memotrap,2,oracle_margin,0.9816542398733988,0.981654,0.990827
0.981654,0.0,-0.0,1.0,memotrap_85,memotrap,3,oracle_margin,0.9816542398733988,0.981654,0.990827
0.981654,0.0,-0.0,1.0,memotrap_85,memotrap,4,oracle_margin,0.9816542398733988,0.981654,0.990827
-0.99689,1.19689,-0.478756,0.521244,memotrap_86,memotrap,1,oracle_margin,-0.996890147397134,-0.995949,0.002026
-0.995949,1.195949,-0.418535,0.4,memotrap_86,memotrap,2,oracle_margin,-0.9959485692290821,-0.998208,0.000896
-0.998208,1.198208,-0.47933,0.4,memotrap_86,memotrap,3,oracle_margin,-0.9982080872707056,-0.998208,0.000896
-0.998208,1.198208,-0.539015,0.4,memotrap_86,memotrap,4,oracle_margin,-0.9982080872707056,-0.998208,0.000896
0.988477,0.0,-0.0,1.0,memotrap_87,memotrap,1,oracle_margin,0.9884766540191279,0.988477,0.994238
0.988477,0.0,-0.0,1.0,memotrap_87,memotrap,2,oracle_margin,0.9884766540191279,0.988477,0.994238
0.988477,0.0,-0.0,1.0,memotrap_87,memotrap,3,oracle_margin,0.9884766540191279,0.988477,0.994238
0.988477,0.0,-0.0,1.0,memotrap_87,memotrap,4,oracle_margin,0.9884766540191279,0.988477,0.994238
