observed_margin,error,control,pi,item_id,task,step,feedback_mode,feedback_value,std_evidence_margin,low_gain,high_gain,low_pi,high_pi,eval_margin,eval_p_target
,1.0,-0.4,0.6,memotrap_0,memotrap,1,probe,1.0,-0.850179,0.09705,-0.031215,0.7,1.3,-0.637435,0.181283
,1.0,-0.35,0.4,memotrap_0,memotrap,2,probe,1.0,-0.850179,0.09705,-0.031215,0.7,1.3,0.002641,0.50132
,1.0,-0.4,0.4,memotrap_0,memotrap,3,probe,1.0,-0.850179,0.09705,-0.031215,0.7,1.3,0.002641,0.50132
,1.0,-0.45,0.4,memotrap_0,memotrap,4,probe,1.0,-0.850179,0.09705,-0.031215,0.7,1.3,0.002641,0.50132
,0.0,0.0,1.0,memotrap_1,memotrap,1,probe,0.0,-0.356854,0.00567,-0.046767,0.7,1.3,-0.356854,0.321573
,0.0,0.0,1.0,memotrap_1,memotrap,2,probe,0.0,-0.356854,0.00567,-0.046767,0.7,1.3,-0.356854,0.321573
,0.0,0.0,1.0,memotrap_1,memotrap,3,probe,0.0,-0.356854,0.00567,-0.046767,0.7,1.3,-0.356854,0.321573
,0.0,0.0,1.0,memotrap_1,memotrap,4,probe,0.0,-0.356854,0.00567,-0.046767,0.7,1.3,-0.356854,0.321573
,0.0,0.0,1.0,memotrap_2,memotrap,1,probe,0.0,0.99839,-0.000666,-0.000481,0.7,1.3,0.99839,0.999195
,0.0,0.0,1.0,memotrap_2,memotrap,2,probe,0.0,0.99839,-0.000666,-0.000481,0.7,1.3,0.99839,0.999195
,0.0,0.0,1.0,memotrap_2,memotrap,3,probe,0.0,0.99839,-0.000666,-0.000481,0.7,1.3,0.99839,0.999195
,0.0,0.0,1.0,memotrap_2,memotrap,4,probe,0.0,0.99839,-0.000666,-0.000481,0.7,1.3,0.99839,0.999195
,1.0,-0.4,0.6,memotrap_3,memotrap,1,probe,1.0,0.545486,0.118642,-0.232153,0.7,1.3,0.670386,0.835193
,1.0,-0.35,0.4,memotrap_3,memotrap,2,probe,1.0,0.545486,0.118642,-0.232153,0.7,1.3,0.628248,0.814124
,1.0,-0.4,0.4,memotrap_3,memotrap,3,probe,1.0,0.545486,0.118642,-0.232153,0.7,1.3,0.628248,0.814124
,1.0,-0.45,0.4,memotrap_3,memotrap,4,probe,1.0,0.545486,0.118642,-0.232153,0.7,1.3,0.628248,0.814124
,1.0,-0.4,0.6,memotrap_4,memotrap,1,probe,1.0,-0.108747,0.055883,-0.100433,0.7,1.3,-0.020194,0.489903
,1.0,-0.35,0.4,memotrap_4,memotrap,2,probe,1.0,-0.108747,0.055883,-0.100433,0.7,1.3,0.066217,0.533109
,1.0,-0.4,0.4,memotrap_4,memotrap,3,probe,1.0,-0.108747,0.055883,-0.100433,0.7,1.3,0.066217,0.533109
,1.0,-0.45,0.4,memotrap_4,memotrap,4,probe,1.0,-0.108747,0.055883,-0.100433,0.7,1.3,0.066217,0.533109
,1.0,-0.4,0.6,memotrap_5,memotrap,1,probe,1.0,-0.728298,0.065205,-0.061632,0.7,1.3,-0.658068,0.170966
,1.0,-0.35,0.4,memotrap_5,memotrap,2,probe,1.0,-0.728298,0.065205,-0.061632,0.7,1.3,-0.689874,0.155063
,1.0,-0.4,0.4,memotrap_5,memotrap,3,probe,1.0,-0.728298,0.065205,-0.061632,0.7,1.3,-0.689874,0.155063
,1.0,-0.45,0.4,memotrap_5,memotrap,4,probe,1.0,-0.728298,0.065205,-0.061632,0.7,1.3,-0.689874,0.155063
,0.0,0.0,1.0,memotrap_6,memotrap,1,probe,0.0,-0.566921,-0.131668,-0.00276,0.7,1.3,-0.566921,0.216539
,0.0,0.0,1.0,memotrap_6,memotrap,2,probe,0.0,-0.566921,-0.131668,-0.00276,0.7,1.3,-0.566921,0.216539
,0.0,0.0,1.0,memotrap_6,memotrap,3,probe,0.0,-0.566921,-0.131668,-0.00276,0.7,1.3,-0.566921,0.216539
,0.0,0.0,1.0,memotrap_6,memotrap,4,probe,0.0,-0.566921,-0.131668,-0.00276,0.7,1.3,-0.566921,0.216539
,1.0,0.4,1.4,memotrap_7,memotrap,1,probe,1.0,0.759884,-0.014259,0.050112,0.7,1.3,0.826625,0.913313
,1.0,0.35,1.4,memotrap_7,memotrap,2,probe,1.0,0.759884,-0.014259,0.050112,0.7,1.3,0.826625,0.913313
,1.0,0.4,1.4,memotrap_7,memotrap,3,probe,1.0,0.759884,-0.014259,0.050112,0.7,1.3,0.826625,0.913313
,1.0,0.45,1.4,memotrap_7,memotrap,4,probe,1.0,0.759884,-0.014259,0.050112,0.7,1.3,0.826625,0.913313
,0.0,0.0,1.0,memotrap_8,memotrap,1,probe,0.0,0.993416,-0.001782,-8.7e-05,0.7,1.3,0.993416,0.996708
,0.0,0.0,1.0,memotrap_8,memotrap,2,probe,0.0,0.993416,-0.001782,-8.7e-05,0.7,1.3,0.993416,0.996708
,0.0,0.0,1.0,memotrap_8,memotrap,3,probe,0.0,0.993416,-0.001782,-8.7e-05,0.7,1.3,0.993416,0.996708
,0.0,0.0,1.0,memotrap_8,memotrap,4,probe,0.0,0.993416,-0.001782,-8.7e-05,0.7,1.3,0.993416,0.996708
,0.0,0.0,1.0,memotrap_9,memotrap,1,probe,0.0,0.965962,-0.011432,0.001479,0.7,1.3,0.965962,0.982981
,0.0,0.0,1.0,memotrap_9,memotrap,2,probe,0.0,0.965962,-0.011432,0.001479,0.7,1.3,0.965962,0.982981
,0.0,0.0,1.0,memotrap_9,memotrap,3,probe,0.0,0.965962,-0.011432,0.001479,0.7,1.3,0.965962,0.982981
,0.0,0.0,1.0,memotrap_9,memotrap,4,probe,0.0,0.965962,-0.011432,0.001479,0.7,1.3,0.965962,0.982981
,1.0,0.4,1.4,memotrap_10,memotrap,1,probe,1.0,0.851184,-0.101924,0.059499,0.7,1.3,0.920426,0.960213
,1.0,0.35,1.4,memotrap_10,memotrap,2,probe,1.0,0.851184,-0.101924,0.059499,0.7,1.3,0.920426,0.960213
,1.0,0.4,1.4,memotrap_10,memotrap,3,probe,1.0,0.851184,-0.101924,0.059499,0.7,1.3,0.920426,0.960213
,1.0,0.45,1.4,memotrap_10,memotrap,4,probe,1.0,0.851184,-0.101924,0.059499,0.7,1.3,0.920426,0.960213
,1.0,-0.4,0.6,memotrap_12,memotrap,1,probe,1.0,-0.733987,0.162502,-0.082411,0.7,1.3,-0.444244,0.277878
,1.0,-0.35,0.4,memotrap_12,memotrap,2,probe,1.0,-0.733987,0.162502,-0.082411,0.7,1.3,-0.031097,0.484452
,1.0,-0.4,0.4,memotrap_12,memotrap,3,probe,1.0,-0.733987,0.162502,-0.082411,0.7,1.3,-0.031097,0.484452
,1.0,-0.45,0.4,memotrap_12,memotrap,4,probe,1.0,-0.733987,0.162502,-0.082411,0.7,1.3,-0.031097,0.484452
,0.0,0.0,1.0,memotrap_13,memotrap,1,probe,0.0,0.978909,-0.015042,-0.0014,0.7,1.3,0.978909,0.989454
,0.0,0.0,1.0,memotrap_13,memotrap,2,probe,0.0,0.978909,-0.015042,-0.0014,0.7,1.3,0.978909,0.989454
,0.0,0.0,1.0,memotrap_13,memotrap,3,probe,0.0,0.978909,-0.015042,-0.0014,0.7,1.3,0.978909,0.989454
,0.0,0.0,1.0,memotrap_13,memotrap,4,probe,0.0,0.978909,-0.015042,-0.0014,0.7,1.3,0.978909,0.989454
,0.0,0.0,1.0,memotrap_14,memotrap,1,probe,0.0,0.89272,-0.058557,0.016935,0.7,1.3,0.89272,0.94636
,0.0,0.0,1.0,memotrap_14,memotrap,2,probe,0.0,0.89272,-0.058557,0.016935,0.7,1.3,0.89272,0.94636
,0.0,0.0,1.0,memotrap_14,memotrap,3,probe,0.0,0.89272,-0.058557,0.016935,0.7,1.3,0.89272,0.94636
,0.0,0.0,1.0,memotrap_14,memotrap,4,probe,0.0,0.89272,-0.058557,0.016935,0.7,1.3,0.89272,0.94636
,0.0,0.0,1.0,memotrap_15,memotrap,1,probe,0.0,0.981635,0.010094,-0.023976,0.7,1.3,0.981635,0.990818
,0.0,0.0,1.0,memotrap_15,memotrap,2,probe,0.0,0.981635,0.010094,-0.023976,0.7,1.3,0.981635,0.990818
,0.0,0.0,1.0,memotrap_15,memotrap,3,probe,0.0,0.981635,0.010094,-0.023976,0.7,1.3,0.981635,0.990818
,0.0,0.0,1.0,memotrap_15,memotrap,4,probe,0.0,0.981635,0.010094,-0.023976,0.7,1.3,0.981635,0.990818
,0.0,0.0,1.0,memotrap_16,memotrap,1,probe,0.0,0.233018,0.009281,-0.059446,0.7,1.3,0.233018,0.616509
,0.0,0.0,1.0,memotrap_16,memotrap,2,probe,0.0,0.233018,0.009281,-0.059446,0.7,1.3,0.233018,0.616509
,0.0,0.0,1.0,memotrap_16,memotrap,3,probe,0.0,0.233018,0.009281,-0.059446,0.7,1.3,0.233018,0.616509
,0.0,0.0,1.0,memotrap_16,memotrap,4,probe,0.0,0.233018,0.009281,-0.059446,0.7,1.3,0.233018,0.616509
,1.0,0.4,1.4,memotrap_17,memotrap,1,probe,1.0,-0.211572,-0.174085,0.062476,0.7,1.3,-0.163401,0.4183
,1.0,0.35,1.4,memotrap_17,memotrap,2,probe,1.0,-0.211572,-0.174085,0.062476,0.7,1.3,-0.163401,0.4183
,1.0,0.4,1.4,memotrap_17,memotrap,3,probe,1.0,-0.211572,-0.174085,0.062476,0.7,1.3,-0.163401,0.4183
,1.0,0.45,1.4,memotrap_17,memotrap,4,probe,1.0,-0.211572,-0.174085,0.062476,0.7,1.3,-0.163401,0.4183
,1.0,-0.4,0.6,memotrap_18,memotrap,1,probe,1.0,0.096979,0.203939,-0.166615,0.7,1.3,0.394475,0.697237
,1.0,-0.35,0.4,memotrap_18,memotrap,2,probe,1.0,0.096979,0.203939,-0.166615,0.7,1.3,0.66707,0.833535
,1.0,-0.4,0.4,memotrap_18,memotrap,3,probe,1.0,0.096979,0.203939,-0.166615,0.7,1.3,0.66707,0.833535
,1.0,-0.45,0.4,memotrap_18,memotrap,4,probe,1.0,0.096979,0.203939,-0.166615,0.7,1.3,0.66707,0.833535
,1.0,-0.4,0.6,memotrap_19,memotrap,1,probe,1.0,0.215905,0.37072,-0.512603,0.7,1.3,0.616345,0.808173
,1.0,-0.35,0.4,memotrap_19,memotrap,2,probe,1.0,0.215905,0.37072,-0.512603,0.7,1.3,0.677028,0.838514
,1.0,-0.4,0.4,memotrap_19,memotrap,3,probe,1.0,0.215905,0.37072,-0.512603,0.7,1.3,0.677028,0.838514
,1.0,-0.45,0.4,memotrap_19,memotrap,4,probe,1.0,0.215905,0.37072,-0.512603,0.7,1.3,0.677028,0.838514
,1.0,-0.4,0.6,memotrap_20,memotrap,1,probe,1.0,-0.12525,0.100338,-0.026364,0.7,1.3,0.022115,0.511057
,1.0,-0.35,0.4,memotrap_20,memotrap,2,probe,1.0,-0.12525,0.100338,-0.026364,0.7,1.3,-0.055758,0.472121
,1.0,-0.4,0.4,memotrap_20,memotrap,3,probe,1.0,-0.12525,0.100338,-0.026364,0.7,1.3,-0.055758,0.472121
,1.0,-0.45,0.4,memotrap_20,memotrap,4,probe,1.0,-0.12525,0.100338,-0.026364,0.7,1.3,-0.055758,0.472121
,1.0,-0.4,0.6,memotrap_21,memotrap,1,probe,1.0,0.717716,0.052077,-0.06006,0.7,1.3,0.789489,0.894744
,1.0,-0.35,0.4,memotrap_21,memotrap,2,probe,1.0,0.717716,0.052077,-0.06006,0.7,1.3,0.834181,0.91709
,1.0,-0.4,0.4,memotrap_21,memotrap,3,probe,1.0,0.717716,0.052077,-0.06006,0.7,1.3,0.834181,0.91709
,1.0,-0.45,0.4,memotrap_21,memotrap,4,probe,1.0,0.717716,0.052077,-0.06006,0.7,1.3,0.834181,0.91709
,0.0,0.0,1.0,memotrap_23,memotrap,1,probe,0.0,0.972343,0.005068,-0.022623,0.7,1.3,0.972343,0.986172
,0.0,0.0,1.0,memotrap_23,memotrap,2,probe,0.0,0.972343,0.005068,-0.022623,0.7,1.3,0.972343,0.986172
,0.0,0.0,1.0,memotrap_23,memotrap,3,probe,0.0,0.972343,0.005068,-0.022623,0.7,1.3,0.972343,0.986172
,0.0,0.0,1.0,memotrap_23,memotrap,4,probe,0.0,0.972343,0.005068,-0.022623,0.7,1.3,0.972343,0.986172
,0.0,0.0,1.0,memotrap_24,memotrap,1,probe,0.0,0.169568,-0.062865,0.014847,0.7,1.3,0.169568,0.584784
,0.0,0.0,1.0,memotrap_24,memotrap,2,probe,0.0,0.169568,-0.062865,0.014847,0.7,1.3,0.169568,0.584784
,0.0,0.0,1.0,memotrap_24,memotrap,3,probe,0.0,0.169568,-0.062865,0.014847,0.7,1.3,0.169568,0.584784
,0.0,0.0,1.0,memotrap_24,memotrap,4,probe,0.0,0.169568,-0.062865,0.014847,0.7,1.3,0.169568,0.584784
,0.0,0.0,1.0,memotrap_25,memotrap,1,probe,0.0,-0.984426,0.014269,-0.002637,0.7,1.3,-0.984426,0.007787
,0.0,0.0,1.0,memotrap_25,memotrap,2,probe,0.0,-0.984426,0.014269,-0.002637,0.7,1.3,-0.984426,0.007787
,0.0,0.0,1.0,memotrap_25,memotrap,3,probe,0.0,-0.984426,0.014269,-0.002637,0.7,1.3,-0.984426,0.007787
,0.0,0.0,1.0,memotrap_25,memotrap,4,probe,0.0,-0.984426,0.014269,-0.002637,0.7,1.3,-0.984426,0.007787
,1.0,-0.4,0.6,memotrap_26,memotrap,1,probe,1.0,-0.647433,0.239595,-0.090888,0.7,1.3,-0.28339,0.358305
,1.0,-0.35,0.4,memotrap_26,memotrap,2,probe,1.0,-0.647433,0.239595,-0.090888,0.7,1.3,-0.011524,0.494238
,1.0,-0.4,0.4,memotrap_26,memotrap,3,probe,1.0,-0.647433,0.239595,-0.090888,0.7,1.3,-0.011524,0.494238
,1.0,-0.45,0.4,memotrap_26,memotrap,4,probe,1.0,-0.647433,0.239595,-0.090888,0.7,1.3,-0.011524,0.494238
,0.0,0.0,1.0,memotrap_27,memotrap,1,probe,0.0,0.959651,0.017652,-0.032189,0.7,1.3,0.959651,0.979825
,0.0,0.0,1.0,memotrap_27,memotrap,2,probe,0.0,0.959651,0.017652,-0.032189,0.7,1.3,0.959651,0.979825
,0.0,0.0,1.0,memotrap_27,memotrap,3,probe,0.0,0.959651,0.017652,-0.032189,0.7,1.3,0.959651,0.979825
,0.0,0.0,1.0,memotrap_27,memotrap,4,probe,0.0,0.959651,0.017652,-0.032189,0.7,1.3,0.959651,0.979825
,1.0,-0.4,0.6,memotrap_28,memotrap,1,probe,1.0,0.630825,0.21172,-0.166803,0.7,1.3,0.897676,0.948838
,1.0,-0.35,0.4,memotrap_28,memotrap,2,probe,1.0,0.630825,0.21172,-0.166803,0.7,1.3,0.960344,0.980172
,1.0,-0.4,0.4,memotrap_28,memotrap,3,probe,1.0,0.630825,0.21172,-0.166803,0.7,1.3,0.960344,0.980172
,1.0,-0.45,0.4,memotrap_28,memotrap,4,probe,1.0,0.630825,0.21172,-0.166803,0.7,1.3,0.960344,0.980172
,1.0,-0.4,0.6,memotrap_29,memotrap,1,probe,1.0,0.874062,0.036181,-0.137914,0.7,1.3,0.903251,0.951625
,1.0,-0.35,0.4,memotrap_29,memotrap,2,probe,1.0,0.874062,0.036181,-0.137914,0.7,1.3,0.862636,0.931318
,1.0,-0.4,0.4,memotrap_29,memotrap,3,probe,1.0,0.874062,0.036181,-0.137914,0.7,1.3,0.862636,0.931318
,1.0,-0.45,0.4,memotrap_29,memotrap,4,probe,1.0,0.874062,0.036181,-0.137914,0.7,1.3,0.862636,0.931318
,1.0,-0.4,0.6,memotrap_30,memotrap,1,probe,1.0,-0.903712,0.044197,-0.014762,0.7,1.3,-0.812568,0.093716
,1.0,-0.35,0.4,memotrap_30,memotrap,2,probe,1.0,-0.903712,0.044197,-0.014762,0.7,1.3,-0.638831,0.180584
,1.0,-0.4,0.4,memotrap_30,memotrap,3,probe,1.0,-0.903712,0.044197,-0.014762,0.7,1.3,-0.638831,0.180584
,1.0,-0.45,0.4,memotrap_30,memotrap,4,probe,1.0,-0.903712,0.044197,-0.014762,0.7,1.3,-0.638831,0.180584
,1.0,-0.4,0.6,memotrap_31,memotrap,1,probe,1.0,0.878412,0.033547,-0.032585,0.7,1.3,0.928208,0.964104
,1.0,-0.35,0.4,memotrap_31,memotrap,2,probe,1.0,0.878412,0.033547,-0.032585,0.7,1.3,0.966314,0.983157
,1.0,-0.4,0.4,memotrap_31,memotrap,3,probe,1.0,0.878412,0.033547,-0.032585,0.7,1.3,0.966314,0.983157
,1.0,-0.45,0.4,memotrap_31,memotrap,4,probe,1.0,0.878412,0.033547,-0.032585,0.7,1.3,0.966314,0.983157
,1.0,-0.4,0.6,memotrap_32,memotrap,1,probe,1.0,0.649208,0.116609,-0.108128,0.7,1.3,0.819121,0.909561
,1.0,-0.35,0.4,memotrap_32,memotrap,2,probe,1.0,0.649208,0.116609,-0.108128,0.7,1.3,0.899274,0.949637
,1.0,-0.4,0.4,memotrap_32,memotrap,3,probe,1.0,0.649208,0.116609,-0.108128,0.7,1.3,0.899274,0.949637
,1.0,-0.45,0.4,memotrap_32,memotrap,4,probe,1.0,0.649208,0.116609,-0.108128,0.7,1.3,0.899274,0.949637
,1.0,0.4,1.4,memotrap_33,memotrap,1,probe,1.0,0.460619,-0.365821,0.188226,0.7,1.3,0.680745,0.840372
,1.0,0.35,1.4,memotrap_33,memotrap,2,probe,1.0,0.460619,-0.365821,0.188226,0.7,1.3,0.680745,0.840372
,1.0,0.4,1.4,memotrap_33,memotrap,3,probe,1.0,0.460619,-0.365821,0.188226,0.7,1.3,0.680745,0.840372
,1.0,0.45,1.4,memotrap_33,memotrap,4,probe,1.0,0.460619,-0.365821,0.188226,0.7,1.3,0.680745,0.840372
,0.0,0.0,1.0,memotrap_34,memotrap,1,probe,0.0,0.949186,0.01453,-0.013936,0.7,1.3,0.949186,0.974593
,0.0,0.0,1.0,memotrap_34,memotrap,2,probe,0.0,0.949186,0.01453,-0.013936,0.7,1.3,0.949186,0.974593
,0.0,0.0,1.0,memotrap_34,memotrap,3,probe,0.0,0.949186,0.01453,-0.013936,0.7,1.3,0.949186,0.974593
,0.0,0.0,1.0,memotrap_34,memotrap,4,probe,0.0,0.949186,0.01453,-0.013936,0.7,1.3,0.949186,0.974593
,0.0,0.0,1.0,memotrap_37,memotrap,1,probe,0.0,0.864228,0.011868,-0.001432,0.7,1.3,0.864228,0.932114
,0.0,0.0,1.0,memotrap_37,memotrap,2,probe,0.0,0.864228,0.011868,-0.001432,0.7,1.3,0.864228,0.932114
,0.0,0.0,1.0,memotrap_37,memotrap,3,probe,0.0,0.864228,0.011868,-0.001432,0.7,1.3,0.864228,0.932114
,0.0,0.0,1.0,memotrap_37,memotrap,4,probe,0.0,0.864228,0.011868,-0.001432,0.7,1.3,0.864228,0.932114
,1.0,-0.4,0.6,memotrap_38,memotrap,1,probe,1.0,0.841403,0.072481,-0.059411,0.7,1.3,0.931409,0.965705
,1.0,-0.35,0.4,memotrap_38,memotrap,2,probe,1.0,0.841403,0.072481,-0.059411,0.7,1.3,0.941503,0.970752
,1.0,-0.4,0.4,memotrap_38,memotrap,3,probe,1.0,0.841403,0.072481,-0.059411,0.7,1.3,0.941503,0.970752
,1.0,-0.45,0.4,memotrap_38,memotrap,4,probe,1.0,0.841403,0.072481,-0.059411,0.7,1.3,0.941503,0.970752
,0.0,0.0,1.0,memotrap_39,memotrap,1,probe,0.0,0.153027,-0.01984,-0.111807,0.7,1.3,0.153027,0.576513
,0.0,0.0,1.0,memotrap_39,memotrap,2,probe,0.0,0.153027,-0.01984,-0.111807,0.7,1.3,0.153027,0.576513
,0.0,0.0,1.0,memotrap_39,memotrap,3,probe,0.0,0.153027,-0.01984,-0.111807,0.7,1.3,0.153027,0.576513
,0.0,0.0,1.0,memotrap_39,memotrap,4,probe,0.0,0.153027,-0.01984,-0.111807,0.7,1.3,0.153027,0.576513
,1.0,-0.4,0.6,memotrap_40,memotrap,1,probe,1.0,-0.954794,0.038998,-0.010745,0.7,1.3,-0.882066,0.058967
,1.0,-0.35,0.4,memotrap_40,memotrap,2,probe,1.0,-0.954794,0.038998,-0.010745,0.7,1.3,-0.719489,0.140255
,1.0,-0.4,0.4,memotrap_40,memotrap,3,probe,1.0,-0.954794,0.038998,-0.010745,0.7,1.3,-0.719489,0.140255
,1.0,-0.45,0.4,memotrap_40,memotrap,4,probe,1.0,-0.954794,0.038998,-0.010745,0.7,1.3,-0.719489,0.140255
,1.0,-0.4,0.6,memotrap_41,memotrap,1,probe,1.0,0.763653,0.098227,-0.044398,0.7,1.3,0.890107,0.945053
,1.0,-0.35,0.4,memotrap_41,memotrap,2,probe,1.0,0.763653,0.098227,-0.044398,0.7,1.3,0.891729,0.945864
,1.0,-0.4,0.4,memotrap_41,memotrap,3,probe,1.0,0.763653,0.098227,-0.044398,0.7,1.3,0.891729,0.945864
,1.0,-0.45,0.4,memotrap_41,memotrap,4,probe,1.0,0.763653,0.098227,-0.044398,0.7,1.3,0.891729,0.945864
,1.0,0.4,1.4,memotrap_42,memotrap,1,probe,1.0,0.000334,0.100245,0.114401,0.7,1.3,0.164576,0.582288
,1.0,0.35,1.4,memotrap_42,memotrap,2,probe,1.0,0.000334,0.100245,0.114401,0.7,1.3,0.164576,0.582288
,1.0,0.4,1.4,memotrap_42,memotrap,3,probe,1.0,0.000334,0.100245,0.114401,0.7,1.3,0.164576,0.582288
,1.0,0.45,1.4,memotrap_42,memotrap,4,probe,1.0,0.000334,0.100245,0.114401,0.7,1.3,0.164576,0.582288
,1.0,-0.4,0.6,memotrap_43,memotrap,1,probe,1.0,0.217039,0.134181,-0.118735,0.7,1.3,0.380996,0.690498
,1.0,-0.35,0.4,memotrap_43,memotrap,2,probe,1.0,0.217039,0.134181,-0.118735,0.7,1.3,0.387831,0.693916
,1.0,-0.4,0.4,memotrap_43,memotrap,3,probe,1.0,0.217039,0.134181,-0.118735,0.7,1.3,0.387831,0.693916
,1.0,-0.45,0.4,memotrap_43,memotrap,4,probe,1.0,0.217039,0.134181,-0.118735,0.7,1.3,0.387831,0.693916
,1.0,0.4,1.4,memotrap_44,memotrap,1,probe,1.0,0.801253,-0.045231,0.05718,0.7,1.3,0.873187,0.936594
,1.0,0.35,1.4,memotrap_44,memotrap,2,probe,1.0,0.801253,-0.045231,0.05718,0.7,1.3,0.873187,0.936594
,1.0,0.4,1.4,memotrap_44,memotrap,3,probe,1.0,0.801253,-0.045231,0.05718,0.7,1.3,0.873187,0.936594
,1.0,0.45,1.4,memotrap_44,memotrap,4,probe,1.0,0.801253,-0.045231,0.05718,0.7,1.3,0.873187,0.936594
,1.0,-0.4,0.6,memotrap_45,memotrap,1,probe,1.0,0.840732,0.026032,-0.016114,0.7,1.3,0.870788,0.935394
,1.0,-0.35,0.4,memotrap_45,memotrap,2,probe,1.0,0.840732,0.026032,-0.016114,0.7,1.3,0.854151,0.927075
,1.0,-0.4,0.4,memotrap_45,memotrap,3,probe,1.0,0.840732,0.026032,-0.016114,0.7,1.3,0.854151,0.927075
,1.0,-0.45,0.4,memotrap_45,memotrap,4,probe,1.0,0.840732,0.026032,-0.016114,0.7,1.3,0.854151,0.927075
,0.0,0.0,1.0,memotrap_46,memotrap,1,probe,0.0,0.889823,-0.007931,0.002716,0.7,1.3,0.889823,0.944911
,0.0,0.0,1.0,memotrap_46,memotrap,2,probe,0.0,0.889823,-0.007931,0.002716,0.7,1.3,0.889823,0.944911
,0.0,0.0,1.0,memotrap_46,memotrap,3,probe,0.0,0.889823,-0.007931,0.002716,0.7,1.3,0.889823,0.944911
,0.0,0.0,1.0,memotrap_46,memotrap,4,probe,0.0,0.889823,-0.007931,0.002716,0.7,1.3,0.889823,0.944911
,1.0,-0.4,0.6,memotrap_47,memotrap,1,probe,1.0,0.920903,0.037331,-0.02542,0.7,1.3,0.969831,0.984916
,1.0,-0.35,0.4,memotrap_47,memotrap,2,probe,1.0,0.920903,0.037331,-0.02542,0.7,1.3,0.982145,0.991073
,1.0,-0.4,0.4,memotrap_47,memotrap,3,probe,1.0,0.920903,0.037331,-0.02542,0.7,1.3,0.982145,0.991073
,1.0,-0.45,0.4,memotrap_47,memotrap,4,probe,1.0,0.920903,0.037331,-0.02542,0.7,1.3,0.982145,0.991073
,1.0,-0.4,0.6,memotrap_48,memotrap,1,probe,1.0,-0.250911,0.21662,-0.02636,0.7,1.3,0.097464,0.548732
,1.0,-0.35,0.4,memotrap_48,memotrap,2,probe,1.0,-0.250911,0.21662,-0.02636,0.7,1.3,0.361946,0.680973
,1.0,-0.4,0.4,memotrap_48,memotrap,3,probe,1.0,-0.250911,0.21662,-0.02636,0.7,1.3,0.361946,0.680973
,1.0,-0.45,0.4,memotrap_48,memotrap,4,probe,1.0,-0.250911,0.21662,-0.02636,0.7,1.3,0.361946,0.680973
,1.0,0.4,1.4,memotrap_49,memotrap,1,probe,1.0,-0.226201,-0.161128,0.097297,0.7,1.3,-0.122717,0.438642
,1.0,0.35,1.4,memotrap_49,memotrap,2,probe,1.0,-0.226201,-0.161128,0.097297,0.7,1.3,-0.122717,0.438642
,1.0,0.4,1.4,memotrap_49,memotrap,3,probe,1.0,-0.226201,-0.161128,0.097297,0.7,1.3,-0.122717,0.438642
,1.0,0.45,1.4,memotrap_49,memotrap,4,probe,1.0,-0.226201,-0.161128,0.097297,0.7,1.3,-0.122717,0.438642
,1.0,-0.4,0.6,memotrap_50,memotrap,1,probe,1.0,-0.956601,0.093067,-0.025731,0.7,1.3,-0.797955,0.101023
,1.0,-0.35,0.4,memotrap_50,memotrap,2,probe,1.0,-0.956601,0.093067,-0.025731,0.7,1.3,-0.774526,0.112737
,1.0,-0.4,0.4,memotrap_50,memotrap,3,probe,1.0,-0.956601,0.093067,-0.025731,0.7,1.3,-0.774526,0.112737
,1.0,-0.45,0.4,memotrap_50,memotrap,4,probe,1.0,-0.956601,0.093067,-0.025731,0.7,1.3,-0.774526,0.112737
,1.0,0.4,1.4,memotrap_51,memotrap,1,probe,1.0,-0.867747,0.017187,0.024036,0.7,1.3,-0.830508,0.084746
,1.0,0.35,1.4,memotrap_51,memotrap,2,probe,1.0,-0.867747,0.017187,0.024036,0.7,1.3,-0.830508,0.084746
,1.0,0.4,1.4,memotrap_51,memotrap,3,probe,1.0,-0.867747,0.017187,0.024036,0.7,1.3,-0.830508,0.084746
,1.0,0.45,1.4,memotrap_51,memotrap,4,probe,1.0,-0.867747,0.017187,0.024036,0.7,1.3,-0.830508,0.084746
,1.0,0.4,1.4,memotrap_52,memotrap,1,probe,1.0,0.444868,-0.134756,0.131146,0.7,1.3,0.61144,0.80572
,1.0,0.35,1.4,memotrap_52,memotrap,2,probe,1.0,0.444868,-0.134756,0.131146,0.7,1.3,0.61144,0.80572
,1.0,0.4,1.4,memotrap_52,memotrap,3,probe,1.0,0.444868,-0.134756,0.131146,0.7,1.3,0.61144,0.80572
,1.0,0.45,1.4,memotrap_52,memotrap,4,probe,1.0,0.444868,-0.134756,0.131146,0.7,1.3,0.61144,0.80572
,1.0,-0.4,0.6,memotrap_53,memotrap,1,probe,1.0,-0.258841,0.393788,-0.16082,0.7,1.3,0.298374,0.649187
,1.0,-0.35,0.4,memotrap_53,memotrap,2,probe,1.0,-0.258841,0.393788,-0.16082,0.7,1.3,0.523482,0.761741
,1.0,-0.4,0.4,memotrap_53,memotrap,3,probe,1.0,-0.258841,0.393788,-0.16082,0.7,1.3,0.523482,0.761741
,1.0,-0.45,0.4,memotrap_53,memotrap,4,probe,1.0,-0.258841,0.393788,-0.16082,0.7,1.3,0.523482,0.761741
,1.0,-0.4,0.6,memotrap_54,memotrap,1,probe,1.0,0.410907,0.364994,-0.174853,0.7,1.3,0.858363,0.929181
,1.0,-0.35,0.4,memotrap_54,memotrap,2,probe,1.0,0.410907,0.364994,-0.174853,0.7,1.3,0.924384,0.962192
,1.0,-0.4,0.4,memotrap_54,memotrap,3,probe,1.0,0.410907,0.364994,-0.174853,0.7,1.3,0.924384,0.962192
,1.0,-0.45,0.4,memotrap_54,memotrap,4,probe,1.0,0.410907,0.364994,-0.174853,0.7,1.3,0.924384,0.962192
,1.0,-0.4,0.6,memotrap_55,memotrap,1,probe,1.0,0.354092,0.139473,-0.218671,0.7,1.3,0.558348,0.779174
,1.0,-0.35,0.4,memotrap_55,memotrap,2,probe,1.0,0.354092,0.139473,-0.218671,0.7,1.3,0.662767,0.831384
,1.0,-0.4,0.4,memotrap_55,memotrap,3,probe,1.0,0.354092,0.139473,-0.218671,0.7,1.3,0.662767,0.831384
,1.0,-0.45,0.4,memotrap_55,memotrap,4,probe,1.0,0.354092,0.139473,-0.218671,0.7,1.3,0.662767,0.831384
,1.0,0.4,1.4,memotrap_56,memotrap,1,probe,1.0,-0.094712,-0.00949,0.111586,0.7,1.3,0.045027,0.522514
,1.0,0.35,1.4,memotrap_56,memotrap,2,probe,1.0,-0.094712,-0.00949,0.111586,0.7,1.3,0.045027,0.522514
,1.0,0.4,1.4,memotrap_56,memotrap,3,probe,1.0,-0.094712,-0.00949,0.111586,0.7,1.3,0.045027,0.522514
,1.0,0.45,1.4,memotrap_56,memotrap,4,probe,1.0,-0.094712,-0.00949,0.111586,0.7,1.3,0.045027,0.522514
,1.0,-0.4,0.6,memotrap_57,memotrap,1,probe,1.0,-0.888528,0.132046,-0.065719,0.7,1.3,-0.720607,0.139696
,1.0,-0.35,0.4,memotrap_57,memotrap,2,probe,1.0,-0.888528,0.132046,-0.065719,0.7,1.3,-0.713999,0.143
,1.0,-0.4,0.4,memotrap_57,memotrap,3,probe,1.0,-0.888528,0.132046,-0.065719,0.7,1.3,-0.713999,0.143
,1.0,-0.45,0.4,memotrap_57,memotrap,4,probe,1.0,-0.888528,0.132046,-0.065719,0.7,1.3,-0.713999,0.143
,1.0,-0.4,0.6,memotrap_58,memotrap,1,probe,1.0,0.021165,0.321888,-0.262412,0.7,1.3,0.45638,0.72819
,1.0,-0.35,0.4,memotrap_58,memotrap,2,probe,1.0,0.021165,0.321888,-0.262412,0.7,1.3,0.67832,0.83916
,1.0,-0.4,0.4,memotrap_58,memotrap,3,probe,1.0,0.021165,0.321888,-0.262412,0.7,1.3,0.67832,0.83916
,1.0,-0.45,0.4,memotrap_58,memotrap,4,probe,1.0,0.021165,0.321888,-0.262412,0.7,1.3,0.67832,0.83916
,1.0,-0.4,0.6,memotrap_59,memotrap,1,probe,1.0,0.072383,0.02987,-0.045207,0.7,1.3,0.07129,0.535645
,1.0,-0.35,0.4,memotrap_59,memotrap,2,probe,1.0,0.072383,0.02987,-0.045207,0.7,1.3,-0.028163,0.485919
,1.0,-0.4,0.4,memotrap_59,memotrap,3,probe,1.0,0.072383,0.02987,-0.045207,0.7,1.3,-0.028163,0.485919
,1.0,-0.45,0.4,memotrap_59,memotrap,4,probe,1.0,0.072383,0.02987,-0.045207,0.7,1.3,-0.028163,0.485919
,1.0,-0.4,0.6,memotrap_60,memotrap,1,probe,1.0,-0.409914,0.217731,-0.146825,0.7,1.3,-0.140877,0.429562
,1.0,-0.35,0.4,memotrap_60,memotrap,2,probe,1.0,-0.409914,0.217731,-0.146825,0.7,1.3,-0.142553,0.428724
,1.0,-0.4,0.4,memotrap_60,memotrap,3,probe,1.0,-0.409914,0.217731,-0.146825,0.7,1.3,-0.142553,0.428724
,1.0,-0.45,0.4,memotrap_60,memotrap,4,probe,1.0,-0.409914,0.217731,-0.146825,0.7,1.3,-0.142553,0.428724
,0.0,0.0,1.0,memotrap_61,memotrap,1,probe,0.0,0.990966,-0.003167,0.001172,0.7,1.3,0.990966,0.995483
,0.0,0.0,1.0,memotrap_61,memotrap,2,probe,0.0,0.990966,-0.003167,0.001172,0.7,1.3,0.990966,0.995483
,0.0,0.0,1.0,memotrap_61,memotrap,3,probe,0.0,0.990966,-0.003167,0.001172,0.7,1.3,0.990966,0.995483
,0.0,0.0,1.0,memotrap_61,memotrap,4,probe,0.0,0.990966,-0.003167,0.001172,0.7,1.3,0.990966,0.995483
,0.0,0.0,1.0,memotrap_62,memotrap,1,probe,0.0,0.845006,-0.011964,-0.01974,0.7,1.3,0.845006,0.922503
,0.0,0.0,1.0,memotrap_62,memotrap,2,probe,0.0,0.845006,-0.011964,-0.01974,0.7,1.3,0.845006,0.922503
,0.0,0.0,1.0,memotrap_62,memotrap,3,probe,0.0,0.845006,-0.011964,-0.01974,0.7,1.3,0.845006,0.922503
,0.0,0.0,1.0,memotrap_62,memotrap,4,probe,0.0,0.845006,-0.011964,-0.01974,0.7,1.3,0.845006,0.922503
,1.0,-0.4,0.6,memotrap_63,memotrap,1,probe,1.0,0.84387,0.096422,-0.079605,0.7,1.3,0.966371,0.983185
,1.0,-0.35,0.4,memotrap_63,memotrap,2,probe,1.0,0.84387,0.096422,-0.079605,0.7,1.3,0.988089,0.994045
,1.0,-0.4,0.4,memotrap_63,memotrap,3,probe,1.0,0.84387,0.096422,-0.079605,0.7,1.3,0.988089,0.994045
,1.0,-0.45,0.4,memotrap_63,memotrap,4,probe,1.0,0.84387,0.096422,-0.079605,0.7,1.3,0.988089,0.994045
,0.0,0.0,1.0,memotrap_64,memotrap,1,probe,0.0,0.988665,0.003673,-0.009495,0.7,1.3,0.988665,0.994333
,0.0,0.0,1.0,memotrap_64,memotrap,2,probe,0.0,0.988665,0.003673,-0.009495,0.7,1.3,0.988665,0.994333
,0.0,0.0,1.0,memotrap_64,memotrap,3,probe,0.0,0.988665,0.003673,-0.009495,0.7,1.3,0.988665,0.994333
,0.0,0.0,1.0,memotrap_64,memotrap,4,probe,0.0,0.988665,0.003673,-0.009495,0.7,1.3,0.988665,0.994333
,1.0,-0.4,0.6,memotrap_66,memotrap,1,probe,1.0,0.870786,0.09018,-0.139072,0.7,1.3,0.975565,0.987782
,1.0,-0.35,0.4,memotrap_66,memotrap,2,probe,1.0,0.870786,0.09018,-0.139072,0.7,1.3,0.988687,0.994343
,1.0,-0.4,0.4,memotrap_66,memotrap,3,probe,1.0,0.870786,0.09018,-0.139072,0.7,1.3,0.988687,0.994343
,1.0,-0.45,0.4,memotrap_66,memotrap,4,probe,1.0,0.870786,0.09018,-0.139072,0.7,1.3,0.988687,0.994343
,0.0,0.0,1.0,memotrap_67,memotrap,1,probe,0.0,-0.731806,0.014596,-0.015683,0.7,1.3,-0.731806,0.134097
,0.0,0.0,1.0,memotrap_67,memotrap,2,probe,0.0,-0.731806,0.014596,-0.015683,0.7,1.3,-0.731806,0.134097
,0.0,0.0,1.0,memotrap_67,memotrap,3,probe,0.0,-0.731806,0.014596,-0.015683,0.7,1.3,-0.731806,0.134097
,0.0,0.0,1.0,memotrap_67,memotrap,4,probe,0.0,-0.731806,0.014596,-0.015683,0.7,1.3,-0.731806,0.134097
,1.0,-0.4,0.6,memotrap_68,memotrap,1,probe,1.0,-0.348667,0.185812,-0.112851,0.7,1.3,0.017604,0.508802
,1.0,-0.35,0.4,memotrap_68,memotrap,2,probe,1.0,-0.348667,0.185812,-0.112851,0.7,1.3,0.649586,0.824793
,1.0,-0.4,0.4,memotrap_68,memotrap,3,probe,1.0,-0.348667,0.185812,-0.112851,0.7,1.3,0.649586,0.824793
,1.0,-0.45,0.4,memotrap_68,memotrap,4,probe,1.0,-0.348667,0.185812,-0.112851,0.7,1.3,0.649586,0.824793
,1.0,0.4,1.4,memotrap_69,memotrap,1,probe,1.0,-0.016744,-0.118649,0.120838,0.7,1.3,0.143976,0.571988
,1.0,0.35,1.4,memotrap_69,memotrap,2,probe,1.0,-0.016744,-0.118649,0.120838,0.7,1.3,0.143976,0.571988
,1.0,0.4,1.4,memotrap_69,memotrap,3,probe,1.0,-0.016744,-0.118649,0.120838,0.7,1.3,0.143976,0.571988
,1.0,0.45,1.4,memotrap_69,memotrap,4,probe,1.0,-0.016744,-0.118649,0.120838,0.7,1.3,0.143976,0.571988
,1.0,-0.4,0.6,memotrap_70,memotrap,1,probe,1.0,0.539995,0.134362,-0.082045,0.7,1.3,0.71983,0.859915
,1.0,-0.35,0.4,memotrap_70,memotrap,2,probe,1.0,0.539995,0.134362,-0.082045,0.7,1.3,0.776315,0.888158
,1.0,-0.4,0.4,memotrap_70,memotrap,3,probe,1.0,0.539995,0.134362,-0.082045,0.7,1.3,0.776315,0.888158
,1.0,-0.45,0.4,memotrap_70,memotrap,4,probe,1.0,0.539995,0.134362,-0.082045,0.7,1.3,0.776315,0.888158
,1.0,-0.4,0.6,memotrap_71,memotrap,1,probe,1.0,-0.056385,0.325748,-0.252188,0.7,1.3,0.34706,0.67353
,1.0,-0.35,0.4,memotrap_71,memotrap,2,probe,1.0,-0.056385,0.325748,-0.252188,0.7,1.3,0.319274,0.659637
,1.0,-0.4,0.4,memotrap_71,memotrap,3,probe,1.0,-0.056385,0.325748,-0.252188,0.7,1.3,0.319274,0.659637
,1.0,-0.45,0.4,memotrap_71,memotrap,4,probe,1.0,-0.056385,0.325748,-0.252188,0.7,1.3,0.319274,0.659637
,1.0,0.4,1.4,memotrap_72,memotrap,1,probe,1.0,-0.777813,-0.024886,0.047243,0.7,1.3,-0.7041,0.14795
,1.0,0.35,1.4,memotrap_72,memotrap,2,probe,1.0,-0.777813,-0.024886,0.047243,0.7,1.3,-0.7041,0.14795
,1.0,0.4,1.4,memotrap_72,memotrap,3,probe,1.0,-0.777813,-0.024886,0.047243,0.7,1.3,-0.7041,0.14795
,1.0,0.45,1.4,memotrap_72,memotrap,4,probe,1.0,-0.777813,-0.024886,0.047243,0.7,1.3,-0.7041,0.14795
,0.0,0.0,1.0,memotrap_73,memotrap,1,probe,0.0,0.905672,-0.114655,0.007745,0.7,1.3,0.905672,0.952836
,0.0,0.0,1.0,memotrap_73,memotrap,2,probe,0.0,0.905672,-0.114655,0.007745,0.7,1.3,0.905672,0.952836
,0.0,0.0,1.0,memotrap_73,memotrap,3,probe,0.0,0.905672,-0.114655,0.007745,0.7,1.3,0.905672,0.952836
,0.0,0.0,1.0,memotrap_73,memotrap,4,probe,0.0,0.905672,-0.114655,0.007745,0.7,1.3,0.905672,0.952836
,0.0,0.0,1.0,memotrap_74,memotrap,1,probe,0.0,0.974572,0.005735,-0.031039,0.7,1.3,0.974572,0.987286
,0.0,0.0,1.0,memotrap_74,memotrap,2,probe,0.0,0.974572,0.005735,-0.031039,0.7,1.3,0.974572,0.987286
,0.0,0.0,1.0,memotrap_74,memotrap,3,probe,0.0,0.974572,0.005735,-0.031039,0.7,1.3,0.974572,0.987286
,0.0,0.0,1.0,memotrap_74,memotrap,4,probe,0.0,0.974572,0.005735,-0.031039,0.7,1.3,0.974572,0.987286
,0.0,0.0,1.0,memotrap_75,memotrap,1,probe,0.0,0.803655,-0.005185,0.010585,0.7,1.3,0.803655,0.901828
,0.0,0.0,1.0,memotrap_75,memotrap,2,probe,0.0,0.803655,-0.005185,0.010585,0.7,1.3,0.803655,0.901828
,0.0,0.0,1.0,memotrap_75,memotrap,3,probe,0.0,0.803655,-0.005185,0.010585,0.7,1.3,0.803655,0.901828
,0.0,0.0,1.0,memotrap_75,memotrap,4,probe,0.0,0.803655,-0.005185,0.010585,0.7,1.3,0.803655,0.901828
,1.0,-0.4,0.6,memotrap_76,memotrap,1,probe,1.0,-0.668195,0.288405,-0.134076,0.7,1.3,-0.263513,0.368243
,1.0,-0.35,0.4,memotrap_76,memotrap,2,probe,1.0,-0.668195,0.288405,-0.134076,0.7,1.3,-0.071601,0.4642
,1.0,-0.4,0.4,memotrap_76,memotrap,3,probe,1.0,-0.668195,0.288405,-0.134076,0.7,1.3,-0.071601,0.4642
,1.0,-0.45,0.4,memotrap_76,memotrap,4,probe,1.0,-0.668195,0.288405,-0.134076,0.7,1.3,-0.071601,0.4642
,1.0,0.4,1.4,memotrap_77,memotrap,1,probe,1.0,0.747183,-0.145713,0.079874,0.7,1.3,0.839359,0.91968
,1.0,0.35,1.4,memotrap_77,memotrap,2,probe,1.0,0.747183,-0.145713,0.079874,0.7,1.3,0.839359,0.91968
,1.0,0.4,1.4,memotrap_77,memotrap,3,probe,1.0,0.747183,-0.145713,0.079874,0.7,1.3,0.839359,0.91968
,1.0,0.45,1.4,memotrap_77,memotrap,4,probe,1.0,0.747183,-0.145713,0.079874,0.7,1.3,0.839359,0.91968
,1.0,-0.4,0.6,memotrap_78,memotrap,1,probe,1.0,0.804632,0.144365,-0.227107,0.7,1.3,0.970792,0.985396
,1.0,-0.35,0.4,memotrap_78,memotrap,2,probe,1.0,0.804632,0.144365,-0.227107,0.7,1.3,0.987902,0.993951
,1.0,-0.4,0.4,memotrap_78,memotrap,3,probe,1.0,0.804632,0.144365,-0.227107,0.7,1.3,0.987902,0.993951
,1.0,-0.45,0.4,memotrap_78,memotrap,4,probe,1.0,0.804632,0.144365,-0.227107,0.7,1.3,0.987902,0.993951
,1.0,-0.4,0.6,memotrap_79,memotrap,1,probe,1.0,0.829803,0.037804,0.0216,0.7,1.3,0.902645,0.951323
,1.0,-0.35,0.4,memotrap_79,memotrap,2,probe,1.0,0.829803,0.037804,0.0216,0.7,1.3,0.955427,0.977713
,1.0,-0.4,0.4,memotrap_79,memotrap,3,probe,1.0,0.829803,0.037804,0.0216,0.7,1.3,0.955427,0.977713
,1.0,-0.45,0.4,memotrap_79,memotrap,4,probe,1.0,0.829803,0.037804,0.0216,0.7,1.3,0.955427,0.977713
,0.0,0.0,1.0,memotrap_80,memotrap,1,probe,0.0,0.998991,0.000536,-0.001133,0.7,1.3,0.998991,0.999496
,0.0,0.0,1.0,memotrap_80,memotrap,2,probe,0.0,0.998991,0.000536,-0.001133,0.7,1.3,0.998991,0.999496
,0.0,0.0,1.0,memotrap_80,memotrap,3,probe,0.0,0.998991,0.000536,-0.001133,0.7,1.3,0.998991,0.999496
,0.0,0.0,1.0,memotrap_80,memotrap,4,probe,0.0,0.998991,0.000536,-0.001133,0.7,1.3,0.998991,0.999496
,1.0,-0.4,0.6,memotrap_81,memotrap,1,probe,1.0,0.559747,0.058516,-0.092147,0.7,1.3,0.651901,0.825951
,1.0,-0.35,0.4,memotrap_81,memotrap,2,probe,1.0,0.559747,0.058516,-0.092147,0.7,1.3,0.762297,0.881149
,1.0,-0.4,0.4,memotrap_81,memotrap,3,probe,1.0,0.559747,0.058516,-0.092147,0.7,1.3,0.762297,0.881149
,1.0,-0.45,0.4,memotrap_81,memotrap,4,probe,1.0,0.559747,0.058516,-0.092147,0.7,1.3,0.762297,0.881149
,0.0,0.0,1.0,memotrap_82,memotrap,1,probe,0.0,0.904513,-0.012305,0.00271,0.7,1.3,0.904513,0.952256
,0.0,0.0,1.0,memotrap_82,memotrap,2,probe,0.0,0.904513,-0.012305,0.00271,0.7,1.3,0.904513,0.952256
,0.0,0.0,1.0,memotrap_82,memotrap,3,probe,0.0,0.904513,-0.012305,0.00271,0.7,1.3,0.904513,0.952256
,0.0,0.0,1.0,memotrap_82,memotrap,4,probe,0.0,0.904513,-0.012305,0.00271,0.7,1.3,0.904513,0.952256
,0.0,0.0,1.0,memotrap_83,memotrap,1,probe,0.0,-0.044395,-0.05518,0.009935,0.7,1.3,-0.044395,0.477803
,0.0,0.0,1.0,memotrap_83,memotrap,2,probe,0.0,-0.044395,-0.05518,0.009935,0.7,1.3,-0.044395,0.477803
,0.0,0.0,1.0,memotrap_83,memotrap,3,probe,0.0,-0.044395,-0.05518,0.009935,0.7,1.3,-0.044395,0.477803
,0.0,0.0,1.0,memotrap_83,memotrap,4,probe,0.0,-0.044395,-0.05518,0.009935,0.7,1.3,-0.044395,0.477803
,0.0,0.0,1.0,memotrap_84,memotrap,1,probe,0.0,0.683821,-0.080935,0.015704,0.7,1.3,0.683821,0.84191
,0.0,0.0,1.0,memotrap_84,memotrap,2,probe,0.0,0.683821,-0.080935,0.015704,0.7,1.3,0.683821,0.84191
,0.0,0.0,1.0,memotrap_84,memotrap,3,probe,0.0,0.683821,-0.080935,0.015704,0.7,1.3,0.683821,0.84191
,0.0,0.0,1.0,memotrap_84,memotrap,4,probe,0.0,0.683821,-0.080935,0.015704,0.7,1.3,0.683821,0.84191
,1.0,0.4,1.4,memotrap_86,memotrap,1,probe,1.0,-0.577533,-0.086723,0.032611,0.7,1.3,-0.546958,0.226521
,1.0,0.35,1.4,memotrap_86,memotrap,2,probe,1.0,-0.577533,-0.086723,0.032611,0.7,1.3,-0.546958,0.226521
,1.0,0.4,1.4,memotrap_86,memotrap,3,probe,1.0,-0.577533,-0.086723,0.032611,0.7,1.3,-0.546958,0.226521
,1.0,0.45,1.4,memotrap_86,memotrap,4,probe,1.0,-0.577533,-0.086723,0.032611,0.7,1.3,-0.546958,0.226521
,0.0,0.0,1.0,memotrap_87,memotrap,1,probe,0.0,0.922989,-0.019469,-0.010906,0.7,1.3,0.922989,0.961494
,0.0,0.0,1.0,memotrap_87,memotrap,2,probe,0.0,0.922989,-0.019469,-0.010906,0.7,1.3,0.922989,0.961494
,0.0,0.0,1.0,memotrap_87,memotrap,3,probe,0.0,0.922989,-0.019469,-0.010906,0.7,1.3,0.922989,0.961494
,0.0,0.0,1.0,memotrap_87,memotrap,4,probe,0.0,0.922989,-0.019469,-0.010906,0.7,1.3,0.922989,0.961494
,1.0,-0.4,0.6,memotrap_88,memotrap,1,probe,1.0,0.761722,0.059335,-0.035676,0.7,1.3,0.839698,0.919849
,1.0,-0.35,0.4,memotrap_88,memotrap,2,probe,1.0,0.761722,0.059335,-0.035676,0.7,1.3,0.865243,0.932621
,1.0,-0.4,0.4,memotrap_88,memotrap,3,probe,1.0,0.761722,0.059335,-0.035676,0.7,1.3,0.865243,0.932621
,1.0,-0.45,0.4,memotrap_88,memotrap,4,probe,1.0,0.761722,0.059335,-0.035676,0.7,1.3,0.865243,0.932621
,0.0,0.0,1.0,memotrap_89,memotrap,1,probe,0.0,0.341981,-0.056089,-0.041142,0.7,1.3,0.341981,0.67099
,0.0,0.0,1.0,memotrap_89,memotrap,2,probe,0.0,0.341981,-0.056089,-0.041142,0.7,1.3,0.341981,0.67099
,0.0,0.0,1.0,memotrap_89,memotrap,3,probe,0.0,0.341981,-0.056089,-0.041142,0.7,1.3,0.341981,0.67099
,0.0,0.0,1.0,memotrap_89,memotrap,4,probe,0.0,0.341981,-0.056089,-0.041142,0.7,1.3,0.341981,0.67099
,0.0,0.0,1.0,memotrap_93,memotrap,1,probe,0.0,0.966169,0.016982,-0.034247,0.7,1.3,0.966169,0.983084
,0.0,0.0,1.0,memotrap_93,memotrap,2,probe,0.0,0.966169,0.016982,-0.034247,0.7,1.3,0.966169,0.983084
,0.0,0.0,1.0,memotrap_93,memotrap,3,probe,0.0,0.966169,0.016982,-0.034247,0.7,1.3,0.966169,0.983084
,0.0,0.0,1.0,memotrap_93,memotrap,4,probe,0.0,0.966169,0.016982,-0.034247,0.7,1.3,0.966169,0.983084
,0.0,0.0,1.0,memotrap_95,memotrap,1,probe,0.0,0.297741,-0.095346,-0.12908,0.7,1.3,0.297741,0.64887
,0.0,0.0,1.0,memotrap_95,memotrap,2,probe,0.0,0.297741,-0.095346,-0.12908,0.7,1.3,0.297741,0.64887
,0.0,0.0,1.0,memotrap_95,memotrap,3,probe,0.0,0.297741,-0.095346,-0.12908,0.7,1.3,0.297741,0.64887
,0.0,0.0,1.0,memotrap_95,memotrap,4,probe,0.0,0.297741,-0.095346,-0.12908,0.7,1.3,0.297741,0.64887
,0.0,0.0,1.0,memotrap_96,memotrap,1,probe,0.0,0.889003,0.014945,-0.017847,0.7,1.3,0.889003,0.944502
,0.0,0.0,1.0,memotrap_96,memotrap,2,probe,0.0,0.889003,0.014945,-0.017847,0.7,1.3,0.889003,0.944502
,0.0,0.0,1.0,memotrap_96,memotrap,3,probe,0.0,0.889003,0.014945,-0.017847,0.7,1.3,0.889003,0.944502
,0.0,0.0,1.0,memotrap_96,memotrap,4,probe,0.0,0.889003,0.014945,-0.017847,0.7,1.3,0.889003,0.944502
,1.0,-0.4,0.6,memotrap_97,memotrap,1,probe,1.0,0.375514,0.211013,-0.234675,0.7,1.3,0.661308,0.830654
,1.0,-0.35,0.4,memotrap_97,memotrap,2,probe,1.0,0.375514,0.211013,-0.234675,0.7,1.3,0.770963,0.885481
,1.0,-0.4,0.4,memotrap_97,memotrap,3,probe,1.0,0.375514,0.211013,-0.234675,0.7,1.3,0.770963,0.885481
,1.0,-0.45,0.4,memotrap_97,memotrap,4,probe,1.0,0.375514,0.211013,-0.234675,0.7,1.3,0.770963,0.885481
